"job_id","condition_id","scenario","N","replication","method","estimand","estimate","ci_lower","ci_upper","p_value","B","failure_fraction","admissible","notes"
"C0_CORE_P1_NULL__N02500__R000001","C0_CORE_P1_NULL","C0",2500,1,"BC-B","egc_dm_u",0.0450879463942903,,,,499,0,TRUE,""
"C0_CORE_P1_NULL__N02500__R000001","C0_CORE_P1_NULL","C0",2500,1,"BC-E","egc_dm_u",0.0168723940278961,,,,199,0,TRUE,"R2=0.995657922792"
"C0_CORE_P1_NULL__N02500__R000001","C0_CORE_P1_NULL","C0",2500,1,"BC-PD","egc_dm_u",0.00499542984650941,,,,499,0,TRUE,"negative control"
"C0_CORE_P1_NULL__N02500__R000001","C0_CORE_P1_NULL","C0",2500,1,"BC-PM","egc_dm_u",0.0038991495718394,,,,499,0,TRUE,"negative control"
"C0_CORE_P1_NULL__N02500__R000001","C0_CORE_P1_NULL","C0",2500,1,"BC-Q","egc_dm_u",0.0201199509019023,,,,499,0,TRUE,""
"C0_CORE_P1_NULL__N02500__R000001","C0_CORE_P1_NULL","C0",2500,1,"CI-M-gamma0.60","egc_dm_u",0.0697109279420332,0,0.0438111623426387,,499,0,TRUE,"realized_m=105"
"C0_CORE_P1_NULL__N02500__R000001","C0_CORE_P1_NULL","C0",2500,1,"CI-M-gamma0.60-A","orientation_A",0.000269120000000121,-0.00591962842178597,0.00623618288686097,,499,0,TRUE,"realized_m=105"
"C0_CORE_P1_NULL__N02500__R000001","C0_CORE_P1_NULL","C0",2500,1,"CI-M-gamma0.70","egc_dm_u",0.0697109279420332,0,0.0467938953027713,,499,0,TRUE,"realized_m=235"
"C0_CORE_P1_NULL__N02500__R000001","C0_CORE_P1_NULL","C0",2500,1,"CI-M-gamma0.70-A","orientation_A",0.000269120000000121,-0.00552343030682953,0.00701559215476234,,499,0,TRUE,"realized_m=235"
"C0_CORE_P1_NULL__N02500__R000001","C0_CORE_P1_NULL","C0",2500,1,"CI-M-gamma0.80","egc_dm_u",0.0697109279420332,0.00330198442614761,0.053975704770973,,499,0,TRUE,"realized_m=520"
"C0_CORE_P1_NULL__N02500__R000001","C0_CORE_P1_NULL","C0",2500,1,"CI-M-gamma0.80-A","orientation_A",0.000269120000000121,-0.00635204390429491,0.00689197071625087,,499,0,TRUE,"realized_m=520"
"C0_CORE_P1_NULL__N02500__R000001","C0_CORE_P1_NULL","C0",2500,1,"CI-N","egc_dm_u",0.0697109279420332,0.0703773756066098,0.123855128198427,,499,0,TRUE,""
"C0_CORE_P1_NULL__N02500__R000001","C0_CORE_P1_NULL","C0",2500,1,"CI-N-A","orientation_A",0.000269120000000121,-0.00548690879999989,0.00666234880000013,,499,0,TRUE,""
"C0_CORE_P1_NULL__N02500__R000001","C0_CORE_P1_NULL","C0",2500,1,"CI-S-gamma0.60","egc_dm_u",0.0697109279420332,0,0.0421377192247197,,499,0,TRUE,"realized_m=105"
"C0_CORE_P1_NULL__N02500__R000001","C0_CORE_P1_NULL","C0",2500,1,"CI-S-gamma0.60-A","orientation_A",0.000269120000000121,-0.00581404532817935,0.00654549673855361,,499,0,TRUE,"realized_m=105"
"C0_CORE_P1_NULL__N02500__R000001","C0_CORE_P1_NULL","C0",2500,1,"CI-S-gamma0.70","egc_dm_u",0.0697109279420332,0.0015085700750861,0.0462077639332937,,499,0,TRUE,"realized_m=235"
"C0_CORE_P1_NULL__N02500__R000001","C0_CORE_P1_NULL","C0",2500,1,"CI-S-gamma0.70-A","orientation_A",0.000269120000000121,-0.00569275801940936,0.00613075770128781,,499,0,TRUE,"realized_m=235"
"C0_CORE_P1_NULL__N02500__R000001","C0_CORE_P1_NULL","C0",2500,1,"CI-S-gamma0.80","egc_dm_u",0.0697109279420332,0.0149138186435619,0.0554821938139009,,499,0,TRUE,"realized_m=520"
"C0_CORE_P1_NULL__N02500__R000001","C0_CORE_P1_NULL","C0",2500,1,"CI-S-gamma0.80-A","orientation_A",0.000269120000000121,-0.00604082323944389,0.00562360988832993,,499,0,TRUE,"realized_m=520"
"C0_CORE_P1_NULL__N02500__R000001","C0_CORE_P1_NULL","C0",2500,1,"PERM-D","orientation_D",0.00512083199999999,,,0.376,499,0,TRUE,""
"C0_CORE_P1_NULL__N02500__R000001","C0_CORE_P1_NULL","C0",2500,1,"PERM-DM","egc_dm_u",0.0697109279420332,,,0.344,499,0,TRUE,""
"C0_CORE_P1_NULL__N02500__R000001","C0_CORE_P1_NULL","C0",2500,1,"POINT","egc_dd",0.0525539599815268,,,,,0,TRUE,""
"C0_CORE_P1_NULL__N02500__R000001","C0_CORE_P1_NULL","C0",2500,1,"POINT","egc_dm_r",0.164516366909113,,,,,0,TRUE,""
"C0_CORE_P1_NULL__N02500__R000001","C0_CORE_P1_NULL","C0",2500,1,"POINT","egc_dm_u",0.0697109279420332,,,,,0,TRUE,""
"C0_CORE_P1_NULL__N02500__R000001","C0_CORE_P1_NULL","C0",2500,1,"POINT","orientation_A",0.000269120000000121,,,,,0,TRUE,""
"C0_CORE_P1_NULL__N02500__R000001","C0_CORE_P1_NULL","C0",2500,1,"POINT","orientation_D",0.00512083199999999,,,,,0,TRUE,""
"C0_CORE_P1_NULL__N02500__R000002","C0_CORE_P1_NULL","C0",2500,2,"BC-B","egc_dm_u",0.0275881108081188,,,,499,0,TRUE,""
"C0_CORE_P1_NULL__N02500__R000002","C0_CORE_P1_NULL","C0",2500,2,"BC-E","egc_dm_u",0,,,,199,0,TRUE,"R2=0.994380997452"
"C0_CORE_P1_NULL__N02500__R000002","C0_CORE_P1_NULL","C0",2500,2,"BC-PD","egc_dm_u",0,,,,499,0,TRUE,"negative control"
"C0_CORE_P1_NULL__N02500__R000002","C0_CORE_P1_NULL","C0",2500,2,"BC-PM","egc_dm_u",0,,,,499,0,TRUE,"negative control"
"C0_CORE_P1_NULL__N02500__R000002","C0_CORE_P1_NULL","C0",2500,2,"BC-Q","egc_dm_u",0,,,,499,0,TRUE,""
"C0_CORE_P1_NULL__N02500__R000002","C0_CORE_P1_NULL","C0",2500,2,"CI-M-gamma0.60","egc_dm_u",0.0582457911878032,0,0.0288052028850145,,499,0,TRUE,"realized_m=105"
"C0_CORE_P1_NULL__N02500__R000002","C0_CORE_P1_NULL","C0",2500,2,"CI-M-gamma0.60-A","orientation_A",0.00169382400000012,-0.00503162556313409,0.00779672031007052,,499,0,TRUE,"realized_m=105"
"C0_CORE_P1_NULL__N02500__R000002","C0_CORE_P1_NULL","C0",2500,2,"CI-M-gamma0.70","egc_dm_u",0.0582457911878032,0,0.0308553802440931,,499,0,TRUE,"realized_m=235"
"C0_CORE_P1_NULL__N02500__R000002","C0_CORE_P1_NULL","C0",2500,2,"CI-M-gamma0.70-A","orientation_A",0.00169382400000012,-0.00394439226673635,0.00834213759262173,,499,0,TRUE,"realized_m=235"
"C0_CORE_P1_NULL__N02500__R000002","C0_CORE_P1_NULL","C0",2500,2,"CI-M-gamma0.80","egc_dm_u",0.0582457911878032,0,0.0366229781115178,,499,0,TRUE,"realized_m=520"
"C0_CORE_P1_NULL__N02500__R000002","C0_CORE_P1_NULL","C0",2500,2,"CI-M-gamma0.80-A","orientation_A",0.00169382400000012,-0.00454490893964368,0.00778399683675745,,499,0,TRUE,"realized_m=520"
"C0_CORE_P1_NULL__N02500__R000002","C0_CORE_P1_NULL","C0",2500,2,"CI-N","egc_dm_u",0.0582457911878032,0.0669653611088464,0.116825402891854,,499,0,TRUE,""
"C0_CORE_P1_NULL__N02500__R000002","C0_CORE_P1_NULL","C0",2500,2,"CI-N-A","orientation_A",0.00169382400000012,-0.00532792639999988,0.00827769920000013,,499,0,TRUE,""
"C0_CORE_P1_NULL__N02500__R000002","C0_CORE_P1_NULL","C0",2500,2,"CI-S-gamma0.60","egc_dm_u",0.0582457911878032,0,0.0290104945983689,,499,0,TRUE,"realized_m=105"
"C0_CORE_P1_NULL__N02500__R000002","C0_CORE_P1_NULL","C0",2500,2,"CI-S-gamma0.60-A","orientation_A",0.00169382400000012,-0.00482343354757174,0.00859454185542197,,499,0,TRUE,"realized_m=105"
"C0_CORE_P1_NULL__N02500__R000002","C0_CORE_P1_NULL","C0",2500,2,"CI-S-gamma0.70","egc_dm_u",0.0582457911878032,0,0.0321512678911982,,499,0,TRUE,"realized_m=235"
"C0_CORE_P1_NULL__N02500__R000002","C0_CORE_P1_NULL","C0",2500,2,"CI-S-gamma0.70-A","orientation_A",0.00169382400000012,-0.00464746313628093,0.00756789356651081,,499,0,TRUE,"realized_m=235"
"C0_CORE_P1_NULL__N02500__R000002","C0_CORE_P1_NULL","C0",2500,2,"CI-S-gamma0.80","egc_dm_u",0.0582457911878032,0,0.0400065430714362,,499,0,TRUE,"realized_m=520"
"C0_CORE_P1_NULL__N02500__R000002","C0_CORE_P1_NULL","C0",2500,2,"CI-S-gamma0.80-A","orientation_A",0.00169382400000012,-0.00452942549230283,0.00693878277015142,,499,0,TRUE,"realized_m=520"
"C0_CORE_P1_NULL__N02500__R000002","C0_CORE_P1_NULL","C0",2500,2,"PERM-D","orientation_D",0.00446617600000002,,,0.524,499,0,TRUE,""
"C0_CORE_P1_NULL__N02500__R000002","C0_CORE_P1_NULL","C0",2500,2,"PERM-DM","egc_dm_u",0.0582457911878032,,,0.738,499,0,TRUE,""
"C0_CORE_P1_NULL__N02500__R000002","C0_CORE_P1_NULL","C0",2500,2,"POINT","egc_dd",0.379255989911754,,,,,0,TRUE,""
"C0_CORE_P1_NULL__N02500__R000002","C0_CORE_P1_NULL","C0",2500,2,"POINT","egc_dm_r",0.158575630174002,,,,,0,TRUE,""
"C0_CORE_P1_NULL__N02500__R000002","C0_CORE_P1_NULL","C0",2500,2,"POINT","egc_dm_u",0.0582457911878032,,,,,0,TRUE,""
"C0_CORE_P1_NULL__N02500__R000002","C0_CORE_P1_NULL","C0",2500,2,"POINT","orientation_A",0.00169382400000012,,,,,0,TRUE,""
"C0_CORE_P1_NULL__N02500__R000002","C0_CORE_P1_NULL","C0",2500,2,"POINT","orientation_D",0.00446617600000002,,,,,0,TRUE,""
"C0_CORE_P1_NULL__N02500__R000003","C0_CORE_P1_NULL","C0",2500,3,"BC-B","egc_dm_u",0.0547071121471173,,,,499,0,TRUE,""
"C0_CORE_P1_NULL__N02500__R000003","C0_CORE_P1_NULL","C0",2500,3,"BC-E","egc_dm_u",0.0249012234940444,,,,199,0,TRUE,"R2=0.998284595786"
"C0_CORE_P1_NULL__N02500__R000003","C0_CORE_P1_NULL","C0",2500,3,"BC-PD","egc_dm_u",0.0128485789466033,,,,499,0,TRUE,"negative control"
"C0_CORE_P1_NULL__N02500__R000003","C0_CORE_P1_NULL","C0",2500,3,"BC-PM","egc_dm_u",0.0119361733848673,,,,499,0,TRUE,"negative control"
"C0_CORE_P1_NULL__N02500__R000003","C0_CORE_P1_NULL","C0",2500,3,"BC-Q","egc_dm_u",0.039531423601031,,,,499,0,TRUE,""
"C0_CORE_P1_NULL__N02500__R000003","C0_CORE_P1_NULL","C0",2500,3,"CI-M-gamma0.60","egc_dm_u",0.0766413852518106,0.00015068215830856,0.0490433845135891,,499,0,TRUE,"realized_m=105"
"C0_CORE_P1_NULL__N02500__R000003","C0_CORE_P1_NULL","C0",2500,3,"CI-M-gamma0.60-A","orientation_A",0.00742803200000013,0.000541226992402302,0.0130851677014905,,499,0,TRUE,"realized_m=105"
"C0_CORE_P1_NULL__N02500__R000003","C0_CORE_P1_NULL","C0",2500,3,"CI-M-gamma0.70","egc_dm_u",0.0766413852518106,0.00763918599490297,0.0548520869185312,,499,0,TRUE,"realized_m=235"
"C0_CORE_P1_NULL__N02500__R000003","C0_CORE_P1_NULL","C0",2500,3,"CI-M-gamma0.70-A","orientation_A",0.00742803200000013,0.0010351783950546,0.0136148395076656,,499,0,TRUE,"realized_m=235"
"C0_CORE_P1_NULL__N02500__R000003","C0_CORE_P1_NULL","C0",2500,3,"CI-M-gamma0.80","egc_dm_u",0.0766413852518106,0.0125592069228134,0.0632215844061541,,499,0,TRUE,"realized_m=520"
"C0_CORE_P1_NULL__N02500__R000003","C0_CORE_P1_NULL","C0",2500,3,"CI-M-gamma0.80-A","orientation_A",0.00742803200000013,0.0015135235325269,0.0141982450007607,,499,0,TRUE,"realized_m=520"
"C0_CORE_P1_NULL__N02500__R000003","C0_CORE_P1_NULL","C0",2500,3,"CI-N","egc_dm_u",0.0766413852518106,0.0702134068853723,0.13030273455389,,499,0,TRUE,""
"C0_CORE_P1_NULL__N02500__R000003","C0_CORE_P1_NULL","C0",2500,3,"CI-N-A","orientation_A",0.00742803200000013,0.00124866560000012,0.0132117664000001,,499,0,TRUE,""
"C0_CORE_P1_NULL__N02500__R000003","C0_CORE_P1_NULL","C0",2500,3,"CI-S-gamma0.60","egc_dm_u",0.0766413852518106,0.0045820191914281,0.052053299461672,,499,0,TRUE,"realized_m=105"
"C0_CORE_P1_NULL__N02500__R000003","C0_CORE_P1_NULL","C0",2500,3,"CI-S-gamma0.60-A","orientation_A",0.00742803200000013,0.00117546909695476,0.013720525120412,,499,0,TRUE,"realized_m=105"
"C0_CORE_P1_NULL__N02500__R000003","C0_CORE_P1_NULL","C0",2500,3,"CI-S-gamma0.70","egc_dm_u",0.0766413852518106,0.0131660791727478,0.0558617451122803,,499,0,TRUE,"realized_m=235"
"C0_CORE_P1_NULL__N02500__R000003","C0_CORE_P1_NULL","C0",2500,3,"CI-S-gamma0.70-A","orientation_A",0.00742803200000013,0.00119417989303119,0.013268744766609,,499,0,TRUE,"realized_m=235"
"C0_CORE_P1_NULL__N02500__R000003","C0_CORE_P1_NULL","C0",2500,3,"CI-S-gamma0.80","egc_dm_u",0.0766413852518106,0.0238295562976206,0.0670045133511728,,499,0,TRUE,"realized_m=520"
"C0_CORE_P1_NULL__N02500__R000003","C0_CORE_P1_NULL","C0",2500,3,"CI-S-gamma0.80-A","orientation_A",0.00742803200000013,0.00240154477707527,0.0131502281336903,,499,0,TRUE,"realized_m=520"
"C0_CORE_P1_NULL__N02500__R000003","C0_CORE_P1_NULL","C0",2500,3,"PERM-D","orientation_D",0.00798483200000008,,,0.048,499,0,TRUE,""
"C0_CORE_P1_NULL__N02500__R000003","C0_CORE_P1_NULL","C0",2500,3,"PERM-DM","egc_dm_u",0.0766413852518106,,,0.154,499,0,TRUE,""
"C0_CORE_P1_NULL__N02500__R000003","C0_CORE_P1_NULL","C0",2500,3,"POINT","egc_dd",0.930267787725534,,,,,0,TRUE,""
"C0_CORE_P1_NULL__N02500__R000003","C0_CORE_P1_NULL","C0",2500,3,"POINT","egc_dm_r",0.209541277967715,,,,,0,TRUE,""
"C0_CORE_P1_NULL__N02500__R000003","C0_CORE_P1_NULL","C0",2500,3,"POINT","egc_dm_u",0.0766413852518106,,,,,0,TRUE,""
"C0_CORE_P1_NULL__N02500__R000003","C0_CORE_P1_NULL","C0",2500,3,"POINT","orientation_A",0.00742803200000013,,,,,0,TRUE,""
"C0_CORE_P1_NULL__N02500__R000003","C0_CORE_P1_NULL","C0",2500,3,"POINT","orientation_D",0.00798483200000008,,,,,0,TRUE,""
"C0_CORE_P1_NULL__N02500__R000004","C0_CORE_P1_NULL","C0",2500,4,"BC-B","egc_dm_u",0.0434108721570719,,,,499,0,TRUE,""
"C0_CORE_P1_NULL__N02500__R000004","C0_CORE_P1_NULL","C0",2500,4,"BC-E","egc_dm_u",0.00697162423662505,,,,199,0,TRUE,"R2=0.997382910589"
"C0_CORE_P1_NULL__N02500__R000004","C0_CORE_P1_NULL","C0",2500,4,"BC-PD","egc_dm_u",0.00180744016466504,,,,499,0,TRUE,"negative control"
"C0_CORE_P1_NULL__N02500__R000004","C0_CORE_P1_NULL","C0",2500,4,"BC-PM","egc_dm_u",0.001397804455863,,,,499,0,TRUE,"negative control"
"C0_CORE_P1_NULL__N02500__R000004","C0_CORE_P1_NULL","C0",2500,4,"BC-Q","egc_dm_u",0.00819481001190138,,,,499,0,TRUE,""
"C0_CORE_P1_NULL__N02500__R000004","C0_CORE_P1_NULL","C0",2500,4,"CI-M-gamma0.60","egc_dm_u",0.0677505829664916,0,0.0385615740210938,,499,0,TRUE,"realized_m=105"
"C0_CORE_P1_NULL__N02500__R000004","C0_CORE_P1_NULL","C0",2500,4,"CI-M-gamma0.60-A","orientation_A",0.00244441600000012,-0.00334128311899974,0.0091963374753303,,499,0,TRUE,"realized_m=105"
"C0_CORE_P1_NULL__N02500__R000004","C0_CORE_P1_NULL","C0",2500,4,"CI-M-gamma0.70","egc_dm_u",0.0677505829664916,0,0.0411002414953044,,499,0,TRUE,"realized_m=235"
"C0_CORE_P1_NULL__N02500__R000004","C0_CORE_P1_NULL","C0",2500,4,"CI-M-gamma0.70-A","orientation_A",0.00244441600000012,-0.00469692268664566,0.0087003969672361,,499,0,TRUE,"realized_m=235"
"C0_CORE_P1_NULL__N02500__R000004","C0_CORE_P1_NULL","C0",2500,4,"CI-M-gamma0.80","egc_dm_u",0.0677505829664916,0,0.0486635928889915,,499,0,TRUE,"realized_m=520"
"C0_CORE_P1_NULL__N02500__R000004","C0_CORE_P1_NULL","C0",2500,4,"CI-M-gamma0.80-A","orientation_A",0.00244441600000012,-0.00348218535423787,0.00903447830429644,,499,0,TRUE,"realized_m=520"
"C0_CORE_P1_NULL__N02500__R000004","C0_CORE_P1_NULL","C0",2500,4,"CI-N","egc_dm_u",0.0677505829664916,0.0688153952504936,0.125274450247995,,499,0,TRUE,""
"C0_CORE_P1_NULL__N02500__R000004","C0_CORE_P1_NULL","C0",2500,4,"CI-N-A","orientation_A",0.00244441600000012,-0.00389684479999988,0.00943144960000013,,499,0,TRUE,""
"C0_CORE_P1_NULL__N02500__R000004","C0_CORE_P1_NULL","C0",2500,4,"CI-S-gamma0.60","egc_dm_u",0.0677505829664916,0,0.0399383865966826,,499,0,TRUE,"realized_m=105"
"C0_CORE_P1_NULL__N02500__R000004","C0_CORE_P1_NULL","C0",2500,4,"CI-S-gamma0.60-A","orientation_A",0.00244441600000012,-0.0037773710373116,0.00858440165815952,,499,0,TRUE,"realized_m=105"
"C0_CORE_P1_NULL__N02500__R000004","C0_CORE_P1_NULL","C0",2500,4,"CI-S-gamma0.70","egc_dm_u",0.0677505829664916,0.00279228229816628,0.0454823083629949,,499,0,TRUE,"realized_m=235"
"C0_CORE_P1_NULL__N02500__R000004","C0_CORE_P1_NULL","C0",2500,4,"CI-S-gamma0.70-A","orientation_A",0.00244441600000012,-0.00360778463241907,0.00882253498942483,,499,0,TRUE,"realized_m=235"
"C0_CORE_P1_NULL__N02500__R000004","C0_CORE_P1_NULL","C0",2500,4,"CI-S-gamma0.80","egc_dm_u",0.0677505829664916,0.00898570791038561,0.0518222907525667,,499,0,TRUE,"realized_m=520"
"C0_CORE_P1_NULL__N02500__R000004","C0_CORE_P1_NULL","C0",2500,4,"CI-S-gamma0.80-A","orientation_A",0.00244441600000012,-0.00332718221582573,0.00827541832158695,,499,0,TRUE,"realized_m=520"
"C0_CORE_P1_NULL__N02500__R000004","C0_CORE_P1_NULL","C0",2500,4,"PERM-D","orientation_D",0.00466163200000004,,,0.512,499,0,TRUE,""
"C0_CORE_P1_NULL__N02500__R000004","C0_CORE_P1_NULL","C0",2500,4,"PERM-DM","egc_dm_u",0.0677505829664916,,,0.444,499,0,TRUE,""
"C0_CORE_P1_NULL__N02500__R000004","C0_CORE_P1_NULL","C0",2500,4,"POINT","egc_dd",0.524369147972234,,,,,0,TRUE,""
"C0_CORE_P1_NULL__N02500__R000004","C0_CORE_P1_NULL","C0",2500,4,"POINT","egc_dm_r",0.161725114964657,,,,,0,TRUE,""
"C0_CORE_P1_NULL__N02500__R000004","C0_CORE_P1_NULL","C0",2500,4,"POINT","egc_dm_u",0.0677505829664916,,,,,0,TRUE,""
"C0_CORE_P1_NULL__N02500__R000004","C0_CORE_P1_NULL","C0",2500,4,"POINT","orientation_A",0.00244441600000012,,,,,0,TRUE,""
"C0_CORE_P1_NULL__N02500__R000004","C0_CORE_P1_NULL","C0",2500,4,"POINT","orientation_D",0.00466163200000004,,,,,0,TRUE,""
"C0_CORE_P1_NULL__N02500__R000005","C0_CORE_P1_NULL","C0",2500,5,"BC-B","egc_dm_u",0.0533919311837927,,,,499,0,TRUE,""
"C0_CORE_P1_NULL__N02500__R000005","C0_CORE_P1_NULL","C0",2500,5,"BC-E","egc_dm_u",0.0203068613741277,,,,199,0,TRUE,"R2=0.999961030668"
"C0_CORE_P1_NULL__N02500__R000005","C0_CORE_P1_NULL","C0",2500,5,"BC-PD","egc_dm_u",0.0131920746004981,,,,499,0,TRUE,"negative control"
"C0_CORE_P1_NULL__N02500__R000005","C0_CORE_P1_NULL","C0",2500,5,"BC-PM","egc_dm_u",0.0124600062339688,,,,499,0,TRUE,"negative control"
"C0_CORE_P1_NULL__N02500__R000005","C0_CORE_P1_NULL","C0",2500,5,"BC-Q","egc_dm_u",0.0402791299377832,,,,499,0,TRUE,""
"C0_CORE_P1_NULL__N02500__R000005","C0_CORE_P1_NULL","C0",2500,5,"CI-M-gamma0.60","egc_dm_u",0.0761098747471666,0.00377066379875715,0.0503847529020727,,499,0,TRUE,"realized_m=105"
"C0_CORE_P1_NULL__N02500__R000005","C0_CORE_P1_NULL","C0",2500,5,"CI-M-gamma0.60-A","orientation_A",-0.00270214399999988,-0.00884141309098339,0.00340511045301572,,499,0,TRUE,"realized_m=105"
"C0_CORE_P1_NULL__N02500__R000005","C0_CORE_P1_NULL","C0",2500,5,"CI-M-gamma0.70","egc_dm_u",0.0761098747471666,0.0047087896958377,0.0544637093017538,,499,0,TRUE,"realized_m=235"
"C0_CORE_P1_NULL__N02500__R000005","C0_CORE_P1_NULL","C0",2500,5,"CI-M-gamma0.70-A","orientation_A",-0.00270214399999988,-0.00917915608518918,0.00357360791523296,,499,0,TRUE,"realized_m=235"
"C0_CORE_P1_NULL__N02500__R000005","C0_CORE_P1_NULL","C0",2500,5,"CI-M-gamma0.80","egc_dm_u",0.0761098747471666,0.0126613700406233,0.0612613350036557,,499,0,TRUE,"realized_m=520"
"C0_CORE_P1_NULL__N02500__R000005","C0_CORE_P1_NULL","C0",2500,5,"CI-M-gamma0.80-A","orientation_A",-0.00270214399999988,-0.00850563647117743,0.00468487761019063,,499,0,TRUE,"realized_m=520"
"C0_CORE_P1_NULL__N02500__R000005","C0_CORE_P1_NULL","C0",2500,5,"CI-N","egc_dm_u",0.0761098747471666,0.0734410114031337,0.13068580385255,,499,0,TRUE,""
"C0_CORE_P1_NULL__N02500__R000005","C0_CORE_P1_NULL","C0",2500,5,"CI-N-A","orientation_A",-0.00270214399999988,-0.00932199039999988,0.00313931840000013,,499,0,TRUE,""
"C0_CORE_P1_NULL__N02500__R000005","C0_CORE_P1_NULL","C0",2500,5,"CI-S-gamma0.60","egc_dm_u",0.0761098747471666,0.00540974364322955,0.0506413216220637,,499,0,TRUE,"realized_m=105"
"C0_CORE_P1_NULL__N02500__R000005","C0_CORE_P1_NULL","C0",2500,5,"CI-S-gamma0.60-A","orientation_A",-0.00270214399999988,-0.00924478512113545,0.00348578485904613,,499,0,TRUE,"realized_m=105"
"C0_CORE_P1_NULL__N02500__R000005","C0_CORE_P1_NULL","C0",2500,5,"CI-S-gamma0.70","egc_dm_u",0.0761098747471666,0.0128191061977825,0.0557671260193894,,499,0,TRUE,"realized_m=235"
"C0_CORE_P1_NULL__N02500__R000005","C0_CORE_P1_NULL","C0",2500,5,"CI-S-gamma0.70-A","orientation_A",-0.00270214399999988,-0.0091911478182768,0.00334665326309318,,499,0,TRUE,"realized_m=235"
"C0_CORE_P1_NULL__N02500__R000005","C0_CORE_P1_NULL","C0",2500,5,"CI-S-gamma0.80","egc_dm_u",0.0761098747471666,0.0211350364814638,0.0659814106100255,,499,0,TRUE,"realized_m=520"
"C0_CORE_P1_NULL__N02500__R000005","C0_CORE_P1_NULL","C0",2500,5,"CI-S-gamma0.80-A","orientation_A",-0.00270214399999988,-0.0085357937738413,0.00273092727517754,,499,0,TRUE,"realized_m=520"
"C0_CORE_P1_NULL__N02500__R000005","C0_CORE_P1_NULL","C0",2500,5,"PERM-D","orientation_D",0.00519993599999997,,,0.326,499,0,TRUE,""
"C0_CORE_P1_NULL__N02500__R000005","C0_CORE_P1_NULL","C0",2500,5,"PERM-DM","egc_dm_u",0.0761098747471666,,,0.114,499,0,TRUE,""
"C0_CORE_P1_NULL__N02500__R000005","C0_CORE_P1_NULL","C0",2500,5,"POINT","egc_dd",-0.519649472608874,,,,,0,TRUE,""
"C0_CORE_P1_NULL__N02500__R000005","C0_CORE_P1_NULL","C0",2500,5,"POINT","egc_dm_r",0.186393663673891,,,,,0,TRUE,""
"C0_CORE_P1_NULL__N02500__R000005","C0_CORE_P1_NULL","C0",2500,5,"POINT","egc_dm_u",0.0761098747471666,,,,,0,TRUE,""
"C0_CORE_P1_NULL__N02500__R000005","C0_CORE_P1_NULL","C0",2500,5,"POINT","orientation_A",-0.00270214399999988,,,,,0,TRUE,""
"C0_CORE_P1_NULL__N02500__R000005","C0_CORE_P1_NULL","C0",2500,5,"POINT","orientation_D",0.00519993599999997,,,,,0,TRUE,""
"C1_CORE_P1_D40__N02500__R000001","C1_CORE_P1_D40","C1",2500,1,"BC-B","egc_dm_u",0.129514647542321,,,,499,0,TRUE,""
"C1_CORE_P1_D40__N02500__R000001","C1_CORE_P1_D40","C1",2500,1,"BC-E","egc_dm_u",0.110893026342124,,,,199,0,TRUE,"R2=0.974553480293"
"C1_CORE_P1_D40__N02500__R000001","C1_CORE_P1_D40","C1",2500,1,"BC-PD","egc_dm_u",0.0791731149849104,,,,499,0,TRUE,"negative control"
"C1_CORE_P1_D40__N02500__R000001","C1_CORE_P1_D40","C1",2500,1,"BC-PM","egc_dm_u",0.0782868597270871,,,,499,0,TRUE,"negative control"
"C1_CORE_P1_D40__N02500__R000001","C1_CORE_P1_D40","C1",2500,1,"BC-Q","egc_dm_u",0.126363550748392,,,,499,0,TRUE,""
"C1_CORE_P1_D40__N02500__R000001","C1_CORE_P1_D40","C1",2500,1,"CI-M-gamma0.60","egc_dm_u",0.141876681435585,0.0726567583875295,0.128745229991695,,499,0,TRUE,"realized_m=105"
"C1_CORE_P1_D40__N02500__R000001","C1_CORE_P1_D40","C1",2500,1,"CI-M-gamma0.60-A","orientation_A",0.0192123520000001,0.012366481409085,0.0253446511792033,,499,0,TRUE,"realized_m=105"
"C1_CORE_P1_D40__N02500__R000001","C1_CORE_P1_D40","C1",2500,1,"CI-M-gamma0.70","egc_dm_u",0.141876681435585,0.0812543362464758,0.136199718920295,,499,0,TRUE,"realized_m=235"
"C1_CORE_P1_D40__N02500__R000001","C1_CORE_P1_D40","C1",2500,1,"CI-M-gamma0.70-A","orientation_A",0.0192123520000001,0.013393486430055,0.0261442518082959,,499,0,TRUE,"realized_m=235"
"C1_CORE_P1_D40__N02500__R000001","C1_CORE_P1_D40","C1",2500,1,"CI-M-gamma0.80","egc_dm_u",0.141876681435585,0.0868284104628173,0.147303708156741,,499,0,TRUE,"realized_m=520"
"C1_CORE_P1_D40__N02500__R000001","C1_CORE_P1_D40","C1",2500,1,"CI-M-gamma0.80-A","orientation_A",0.0192123520000001,0.0138196595369051,0.0255607003093653,,499,0,TRUE,"realized_m=520"
"C1_CORE_P1_D40__N02500__R000001","C1_CORE_P1_D40","C1",2500,1,"CI-N","egc_dm_u",0.141876681435585,0.116901189663597,0.188549602146996,,499,0,TRUE,""
"C1_CORE_P1_D40__N02500__R000001","C1_CORE_P1_D40","C1",2500,1,"CI-N-A","orientation_A",0.0192123520000001,0.0127934432000001,0.0247497440000001,,499,0,TRUE,""
"C1_CORE_P1_D40__N02500__R000001","C1_CORE_P1_D40","C1",2500,1,"CI-S-gamma0.60","egc_dm_u",0.141876681435585,0.079991043097958,0.126909919621715,,499,0,TRUE,"realized_m=105"
"C1_CORE_P1_D40__N02500__R000001","C1_CORE_P1_D40","C1",2500,1,"CI-S-gamma0.60-A","orientation_A",0.0192123520000001,0.013140137809773,0.0251580219081099,,499,0,TRUE,"realized_m=105"
"C1_CORE_P1_D40__N02500__R000001","C1_CORE_P1_D40","C1",2500,1,"CI-S-gamma0.70","egc_dm_u",0.141876681435585,0.0842100146274768,0.138199798727611,,499,0,TRUE,"realized_m=235"
"C1_CORE_P1_D40__N02500__R000001","C1_CORE_P1_D40","C1",2500,1,"CI-S-gamma0.70-A","orientation_A",0.0192123520000001,0.0133532919172983,0.0251694793566642,,499,0,TRUE,"realized_m=235"
"C1_CORE_P1_D40__N02500__R000001","C1_CORE_P1_D40","C1",2500,1,"CI-S-gamma0.80","egc_dm_u",0.141876681435585,0.0935364441730101,0.150775540345733,,499,0,TRUE,"realized_m=520"
"C1_CORE_P1_D40__N02500__R000001","C1_CORE_P1_D40","C1",2500,1,"CI-S-gamma0.80-A","orientation_A",0.0192123520000001,0.0138072795256325,0.0251202822516702,,499,0,TRUE,"realized_m=520"
"C1_CORE_P1_D40__N02500__R000001","C1_CORE_P1_D40","C1",2500,1,"PERM-D","orientation_D",0.0192123520000001,,,0.002,499,0,TRUE,""
"C1_CORE_P1_D40__N02500__R000001","C1_CORE_P1_D40","C1",2500,1,"PERM-DM","egc_dm_u",0.141876681435585,,,0.002,499,0,TRUE,""
"C1_CORE_P1_D40__N02500__R000001","C1_CORE_P1_D40","C1",2500,1,"POINT","egc_dd",1,,,,,0,TRUE,""
"C1_CORE_P1_D40__N02500__R000001","C1_CORE_P1_D40","C1",2500,1,"POINT","egc_dm_r",0.432642255415969,,,,,0,TRUE,""
"C1_CORE_P1_D40__N02500__R000001","C1_CORE_P1_D40","C1",2500,1,"POINT","egc_dm_u",0.141876681435585,,,,,0,TRUE,""
"C1_CORE_P1_D40__N02500__R000001","C1_CORE_P1_D40","C1",2500,1,"POINT","orientation_A",0.0192123520000001,,,,,0,TRUE,""
"C1_CORE_P1_D40__N02500__R000001","C1_CORE_P1_D40","C1",2500,1,"POINT","orientation_D",0.0192123520000001,,,,,0,TRUE,""
"C1_CORE_P1_D40__N02500__R000002","C1_CORE_P1_D40","C1",2500,2,"BC-B","egc_dm_u",0.101913318561086,,,,499,0,TRUE,""
"C1_CORE_P1_D40__N02500__R000002","C1_CORE_P1_D40","C1",2500,2,"BC-E","egc_dm_u",0.0786091079574517,,,,199,0,TRUE,"R2=0.964909646704"
"C1_CORE_P1_D40__N02500__R000002","C1_CORE_P1_D40","C1",2500,2,"BC-PD","egc_dm_u",0.0532728544596015,,,,499,0,TRUE,"negative control"
"C1_CORE_P1_D40__N02500__R000002","C1_CORE_P1_D40","C1",2500,2,"BC-PM","egc_dm_u",0.0517597636724956,,,,499,0,TRUE,"negative control"
"C1_CORE_P1_D40__N02500__R000002","C1_CORE_P1_D40","C1",2500,2,"BC-Q","egc_dm_u",0.0961678648378676,,,,499,0,TRUE,""
"C1_CORE_P1_D40__N02500__R000002","C1_CORE_P1_D40","C1",2500,2,"CI-M-gamma0.60","egc_dm_u",0.116422182593004,0.045817852920101,0.0998647460010797,,499,0,TRUE,"realized_m=105"
"C1_CORE_P1_D40__N02500__R000002","C1_CORE_P1_D40","C1",2500,2,"CI-M-gamma0.60-A","orientation_A",0.0134728320000001,0.00687533805265689,0.0198828777678277,,499,0,TRUE,"realized_m=105"
"C1_CORE_P1_D40__N02500__R000002","C1_CORE_P1_D40","C1",2500,2,"CI-M-gamma0.70","egc_dm_u",0.116422182593004,0.0524134476381505,0.105384789099192,,499,0,TRUE,"realized_m=235"
"C1_CORE_P1_D40__N02500__R000002","C1_CORE_P1_D40","C1",2500,2,"CI-M-gamma0.70-A","orientation_A",0.0134728320000001,0.00766060078976497,0.0199901010260203,,499,0,TRUE,"realized_m=235"
"C1_CORE_P1_D40__N02500__R000002","C1_CORE_P1_D40","C1",2500,2,"CI-M-gamma0.80","egc_dm_u",0.116422182593004,0.0558777538121061,0.113618456555545,,499,0,TRUE,"realized_m=520"
"C1_CORE_P1_D40__N02500__R000002","C1_CORE_P1_D40","C1",2500,2,"CI-M-gamma0.80-A","orientation_A",0.0134728320000001,0.00783438415577195,0.0203077346413528,,499,0,TRUE,"realized_m=520"
"C1_CORE_P1_D40__N02500__R000002","C1_CORE_P1_D40","C1",2500,2,"CI-N","egc_dm_u",0.116422182593004,0.096255192881552,0.16629701772695,,499,0,TRUE,""
"C1_CORE_P1_D40__N02500__R000002","C1_CORE_P1_D40","C1",2500,2,"CI-N-A","orientation_A",0.0134728320000001,0.00717120640000013,0.0191613472000001,,499,0,TRUE,""
"C1_CORE_P1_D40__N02500__R000002","C1_CORE_P1_D40","C1",2500,2,"CI-S-gamma0.60","egc_dm_u",0.116422182593004,0.0486306283323866,0.0976300943215092,,499,0,TRUE,"realized_m=105"
"C1_CORE_P1_D40__N02500__R000002","C1_CORE_P1_D40","C1",2500,2,"CI-S-gamma0.60-A","orientation_A",0.0134728320000001,0.00706048023792484,0.0197375151283904,,499,0,TRUE,"realized_m=105"
"C1_CORE_P1_D40__N02500__R000002","C1_CORE_P1_D40","C1",2500,2,"CI-S-gamma0.70","egc_dm_u",0.116422182593004,0.0558051754940003,0.108413033722983,,499,0,TRUE,"realized_m=235"
"C1_CORE_P1_D40__N02500__R000002","C1_CORE_P1_D40","C1",2500,2,"CI-S-gamma0.70-A","orientation_A",0.0134728320000001,0.00768724908551523,0.0196233538557573,,499,0,TRUE,"realized_m=235"
"C1_CORE_P1_D40__N02500__R000002","C1_CORE_P1_D40","C1",2500,2,"CI-S-gamma0.80","egc_dm_u",0.116422182593004,0.0654566295526151,0.118206118574281,,499,0,TRUE,"realized_m=520"
"C1_CORE_P1_D40__N02500__R000002","C1_CORE_P1_D40","C1",2500,2,"CI-S-gamma0.80-A","orientation_A",0.0134728320000001,0.00819600192373239,0.0188432838801153,,499,0,TRUE,"realized_m=520"
"C1_CORE_P1_D40__N02500__R000002","C1_CORE_P1_D40","C1",2500,2,"PERM-D","orientation_D",0.0141430400000001,,,0.002,499,0,TRUE,""
"C1_CORE_P1_D40__N02500__R000002","C1_CORE_P1_D40","C1",2500,2,"PERM-DM","egc_dm_u",0.116422182593004,,,0.002,499,0,TRUE,""
"C1_CORE_P1_D40__N02500__R000002","C1_CORE_P1_D40","C1",2500,2,"POINT","egc_dd",0.952612168246715,,,,,0,TRUE,""
"C1_CORE_P1_D40__N02500__R000002","C1_CORE_P1_D40","C1",2500,2,"POINT","egc_dm_r",0.335949981409904,,,,,0,TRUE,""
"C1_CORE_P1_D40__N02500__R000002","C1_CORE_P1_D40","C1",2500,2,"POINT","egc_dm_u",0.116422182593004,,,,,0,TRUE,""
"C1_CORE_P1_D40__N02500__R000002","C1_CORE_P1_D40","C1",2500,2,"POINT","orientation_A",0.0134728320000001,,,,,0,TRUE,""
"C1_CORE_P1_D40__N02500__R000002","C1_CORE_P1_D40","C1",2500,2,"POINT","orientation_D",0.0141430400000001,,,,,0,TRUE,""
"C1_CORE_P1_D40__N02500__R000003","C1_CORE_P1_D40","C1",2500,3,"BC-B","egc_dm_u",0.106361446122358,,,,499,0,TRUE,""
"C1_CORE_P1_D40__N02500__R000003","C1_CORE_P1_D40","C1",2500,3,"BC-E","egc_dm_u",0.0856027833834434,,,,199,0,TRUE,"R2=0.999163035591"
"C1_CORE_P1_D40__N02500__R000003","C1_CORE_P1_D40","C1",2500,3,"BC-PD","egc_dm_u",0.0571812161257768,,,,499,0,TRUE,"negative control"
"C1_CORE_P1_D40__N02500__R000003","C1_CORE_P1_D40","C1",2500,3,"BC-PM","egc_dm_u",0.0560328588130491,,,,499,0,TRUE,"negative control"
"C1_CORE_P1_D40__N02500__R000003","C1_CORE_P1_D40","C1",2500,3,"BC-Q","egc_dm_u",0.102224724914501,,,,499,0,TRUE,""
"C1_CORE_P1_D40__N02500__R000003","C1_CORE_P1_D40","C1",2500,3,"CI-M-gamma0.60","egc_dm_u",0.122386680795818,0.0504183950632638,0.105027171405325,,499,0,TRUE,"realized_m=105"
"C1_CORE_P1_D40__N02500__R000003","C1_CORE_P1_D40","C1",2500,3,"CI-M-gamma0.60-A","orientation_A",0.0161907200000001,0.0101498555716684,0.0224086475737274,,499,0,TRUE,"realized_m=105"
"C1_CORE_P1_D40__N02500__R000003","C1_CORE_P1_D40","C1",2500,3,"CI-M-gamma0.70","egc_dm_u",0.122386680795818,0.0545189261458695,0.110984957814383,,499,0,TRUE,"realized_m=235"
"C1_CORE_P1_D40__N02500__R000003","C1_CORE_P1_D40","C1",2500,3,"CI-M-gamma0.70-A","orientation_A",0.0161907200000001,0.00965407355024924,0.0234102569202346,,499,0,TRUE,"realized_m=235"
"C1_CORE_P1_D40__N02500__R000003","C1_CORE_P1_D40","C1",2500,3,"CI-M-gamma0.80","egc_dm_u",0.122386680795818,0.0597279765605763,0.120158981689072,,499,0,TRUE,"realized_m=520"
"C1_CORE_P1_D40__N02500__R000003","C1_CORE_P1_D40","C1",2500,3,"CI-M-gamma0.80-A","orientation_A",0.0161907200000001,0.00975252497118888,0.0220624728011727,,499,0,TRUE,"realized_m=520"
"C1_CORE_P1_D40__N02500__R000003","C1_CORE_P1_D40","C1",2500,3,"CI-N","egc_dm_u",0.122386680795818,0.0984366960413166,0.174054072481999,,499,0,TRUE,""
"C1_CORE_P1_D40__N02500__R000003","C1_CORE_P1_D40","C1",2500,3,"CI-N-A","orientation_A",0.0161907200000001,0.00914288640000013,0.0225729024000001,,499,0,TRUE,""
"C1_CORE_P1_D40__N02500__R000003","C1_CORE_P1_D40","C1",2500,3,"CI-S-gamma0.60","egc_dm_u",0.122386680795818,0.0527532176245839,0.105641704302785,,499,0,TRUE,"realized_m=105"
"C1_CORE_P1_D40__N02500__R000003","C1_CORE_P1_D40","C1",2500,3,"CI-S-gamma0.60-A","orientation_A",0.0161907200000001,0.00981154354637955,0.0225253838110249,,499,0,TRUE,"realized_m=105"
"C1_CORE_P1_D40__N02500__R000003","C1_CORE_P1_D40","C1",2500,3,"CI-S-gamma0.70","egc_dm_u",0.122386680795818,0.0613665594361634,0.11464357361392,,499,0,TRUE,"realized_m=235"
"C1_CORE_P1_D40__N02500__R000003","C1_CORE_P1_D40","C1",2500,3,"CI-S-gamma0.70-A","orientation_A",0.0161907200000001,0.0100422503916782,0.0222653795140637,,499,0,TRUE,"realized_m=235"
"C1_CORE_P1_D40__N02500__R000003","C1_CORE_P1_D40","C1",2500,3,"CI-S-gamma0.80","egc_dm_u",0.122386680795818,0.0700603779534301,0.124155253549844,,499,0,TRUE,"realized_m=520"
"C1_CORE_P1_D40__N02500__R000003","C1_CORE_P1_D40","C1",2500,3,"CI-S-gamma0.80-A","orientation_A",0.0161907200000001,0.0105745644662848,0.0219403593384845,,499,0,TRUE,"realized_m=520"
"C1_CORE_P1_D40__N02500__R000003","C1_CORE_P1_D40","C1",2500,3,"PERM-D","orientation_D",0.0161907200000001,,,0.002,499,0,TRUE,""
"C1_CORE_P1_D40__N02500__R000003","C1_CORE_P1_D40","C1",2500,3,"PERM-DM","egc_dm_u",0.122386680795818,,,0.002,499,0,TRUE,""
"C1_CORE_P1_D40__N02500__R000003","C1_CORE_P1_D40","C1",2500,3,"POINT","egc_dd",1,,,,,0,TRUE,""
"C1_CORE_P1_D40__N02500__R000003","C1_CORE_P1_D40","C1",2500,3,"POINT","egc_dm_r",0.370950597427545,,,,,0,TRUE,""
"C1_CORE_P1_D40__N02500__R000003","C1_CORE_P1_D40","C1",2500,3,"POINT","egc_dm_u",0.122386680795818,,,,,0,TRUE,""
"C1_CORE_P1_D40__N02500__R000003","C1_CORE_P1_D40","C1",2500,3,"POINT","orientation_A",0.0161907200000001,,,,,0,TRUE,""
"C1_CORE_P1_D40__N02500__R000003","C1_CORE_P1_D40","C1",2500,3,"POINT","orientation_D",0.0161907200000001,,,,,0,TRUE,""
"C1_CORE_P1_D40__N02500__R000004","C1_CORE_P1_D40","C1",2500,4,"BC-B","egc_dm_u",0.10393324302842,,,,499,0,TRUE,""
"C1_CORE_P1_D40__N02500__R000004","C1_CORE_P1_D40","C1",2500,4,"BC-E","egc_dm_u",0.0747460951354993,,,,199,0,TRUE,"R2=0.997512797249"
"C1_CORE_P1_D40__N02500__R000004","C1_CORE_P1_D40","C1",2500,4,"BC-PD","egc_dm_u",0.0525877074634422,,,,499,0,TRUE,"negative control"
"C1_CORE_P1_D40__N02500__R000004","C1_CORE_P1_D40","C1",2500,4,"BC-PM","egc_dm_u",0.0522076630581447,,,,499,0,TRUE,"negative control"
"C1_CORE_P1_D40__N02500__R000004","C1_CORE_P1_D40","C1",2500,4,"BC-Q","egc_dm_u",0.097906344133095,,,,499,0,TRUE,""
"C1_CORE_P1_D40__N02500__R000004","C1_CORE_P1_D40","C1",2500,4,"CI-M-gamma0.60","egc_dm_u",0.119030065879047,0.0513332088781611,0.0997222586165163,,499,0,TRUE,"realized_m=105"
"C1_CORE_P1_D40__N02500__R000004","C1_CORE_P1_D40","C1",2500,4,"CI-M-gamma0.60-A","orientation_A",0.0128270080000001,0.00764484409085968,0.0192270120423411,,499,0,TRUE,"realized_m=105"
"C1_CORE_P1_D40__N02500__R000004","C1_CORE_P1_D40","C1",2500,4,"CI-M-gamma0.70","egc_dm_u",0.119030065879047,0.0496372784282488,0.10431083217065,,499,0,TRUE,"realized_m=235"
"C1_CORE_P1_D40__N02500__R000004","C1_CORE_P1_D40","C1",2500,4,"CI-M-gamma0.70-A","orientation_A",0.0128270080000001,0.00649177272721504,0.0199805848631727,,499,0,TRUE,"realized_m=235"
"C1_CORE_P1_D40__N02500__R000004","C1_CORE_P1_D40","C1",2500,4,"CI-M-gamma0.80","egc_dm_u",0.119030065879047,0.0574508017424669,0.118974322469637,,499,0,TRUE,"realized_m=520"
"C1_CORE_P1_D40__N02500__R000004","C1_CORE_P1_D40","C1",2500,4,"CI-M-gamma0.80-A","orientation_A",0.0128270080000001,0.00670575521713194,0.0192024152062259,,499,0,TRUE,"realized_m=520"
"C1_CORE_P1_D40__N02500__R000004","C1_CORE_P1_D40","C1",2500,4,"CI-N","egc_dm_u",0.119030065879047,0.0992993500850262,0.173759827167974,,499,0,TRUE,""
"C1_CORE_P1_D40__N02500__R000004","C1_CORE_P1_D40","C1",2500,4,"CI-N-A","orientation_A",0.0128270080000001,0.00600868480000013,0.0195719264000001,,499,0,TRUE,""
"C1_CORE_P1_D40__N02500__R000004","C1_CORE_P1_D40","C1",2500,4,"CI-S-gamma0.60","egc_dm_u",0.119030065879047,0.0491222770470256,0.0999302497237378,,499,0,TRUE,"realized_m=105"
"C1_CORE_P1_D40__N02500__R000004","C1_CORE_P1_D40","C1",2500,4,"CI-S-gamma0.60-A","orientation_A",0.0128270080000001,0.00640610159826367,0.0193749770819729,,499,0,TRUE,"realized_m=105"
"C1_CORE_P1_D40__N02500__R000004","C1_CORE_P1_D40","C1",2500,4,"CI-S-gamma0.70","egc_dm_u",0.119030065879047,0.0534090889390521,0.107585303998071,,499,0,TRUE,"realized_m=235"
"C1_CORE_P1_D40__N02500__R000004","C1_CORE_P1_D40","C1",2500,4,"CI-S-gamma0.70-A","orientation_A",0.0128270080000001,0.0064928830728713,0.0188767902462835,,499,0,TRUE,"realized_m=235"
"C1_CORE_P1_D40__N02500__R000004","C1_CORE_P1_D40","C1",2500,4,"CI-S-gamma0.80","egc_dm_u",0.119030065879047,0.0654565700901904,0.120153612017154,,499,0,TRUE,"realized_m=520"
"C1_CORE_P1_D40__N02500__R000004","C1_CORE_P1_D40","C1",2500,4,"CI-S-gamma0.80-A","orientation_A",0.0128270080000001,0.00680428931230101,0.018921453043041,,499,0,TRUE,"realized_m=520"
"C1_CORE_P1_D40__N02500__R000004","C1_CORE_P1_D40","C1",2500,4,"PERM-D","orientation_D",0.0128270080000001,,,0.002,499,0,TRUE,""
"C1_CORE_P1_D40__N02500__R000004","C1_CORE_P1_D40","C1",2500,4,"PERM-DM","egc_dm_u",0.119030065879047,,,0.002,499,0,TRUE,""
"C1_CORE_P1_D40__N02500__R000004","C1_CORE_P1_D40","C1",2500,4,"POINT","egc_dd",1,,,,,0,TRUE,""
"C1_CORE_P1_D40__N02500__R000004","C1_CORE_P1_D40","C1",2500,4,"POINT","egc_dm_r",0.355817361893921,,,,,0,TRUE,""
"C1_CORE_P1_D40__N02500__R000004","C1_CORE_P1_D40","C1",2500,4,"POINT","egc_dm_u",0.119030065879047,,,,,0,TRUE,""
"C1_CORE_P1_D40__N02500__R000004","C1_CORE_P1_D40","C1",2500,4,"POINT","orientation_A",0.0128270080000001,,,,,0,TRUE,""
"C1_CORE_P1_D40__N02500__R000004","C1_CORE_P1_D40","C1",2500,4,"POINT","orientation_D",0.0128270080000001,,,,,0,TRUE,""
"C1_CORE_P1_D40__N02500__R000005","C1_CORE_P1_D40","C1",2500,5,"BC-B","egc_dm_u",0.126556822306654,,,,499,0,TRUE,""
"C1_CORE_P1_D40__N02500__R000005","C1_CORE_P1_D40","C1",2500,5,"BC-E","egc_dm_u",0.109667175276636,,,,199,0,TRUE,"R2=0.987135968767"
"C1_CORE_P1_D40__N02500__R000005","C1_CORE_P1_D40","C1",2500,5,"BC-PD","egc_dm_u",0.0772624647096006,,,,499,0,TRUE,"negative control"
"C1_CORE_P1_D40__N02500__R000005","C1_CORE_P1_D40","C1",2500,5,"BC-PM","egc_dm_u",0.0763026455925714,,,,499,0,TRUE,"negative control"
"C1_CORE_P1_D40__N02500__R000005","C1_CORE_P1_D40","C1",2500,5,"BC-Q","egc_dm_u",0.124049945405893,,,,499,0,TRUE,""
"C1_CORE_P1_D40__N02500__R000005","C1_CORE_P1_D40","C1",2500,5,"CI-M-gamma0.60","egc_dm_u",0.139792450254638,0.0789426906943937,0.12623581694479,,499,0,TRUE,"realized_m=105"
"C1_CORE_P1_D40__N02500__R000005","C1_CORE_P1_D40","C1",2500,5,"CI-M-gamma0.60-A","orientation_A",0.0186188160000001,0.0134187082292304,0.0246971389008645,,499,0,TRUE,"realized_m=105"
"C1_CORE_P1_D40__N02500__R000005","C1_CORE_P1_D40","C1",2500,5,"CI-M-gamma0.70","egc_dm_u",0.139792450254638,0.0779870084625995,0.133630241257682,,499,0,TRUE,"realized_m=235"
"C1_CORE_P1_D40__N02500__R000005","C1_CORE_P1_D40","C1",2500,5,"CI-M-gamma0.70-A","orientation_A",0.0186188160000001,0.0117066040236669,0.0245966067472029,,499,0,TRUE,"realized_m=235"
"C1_CORE_P1_D40__N02500__R000005","C1_CORE_P1_D40","C1",2500,5,"CI-M-gamma0.80","egc_dm_u",0.139792450254638,0.0876842591373352,0.147784620002246,,499,0,TRUE,"realized_m=520"
"C1_CORE_P1_D40__N02500__R000005","C1_CORE_P1_D40","C1",2500,5,"CI-M-gamma0.80-A","orientation_A",0.0186188160000001,0.0124824928020495,0.0248890856791608,,499,0,TRUE,"realized_m=520"
"C1_CORE_P1_D40__N02500__R000005","C1_CORE_P1_D40","C1",2500,5,"CI-N","egc_dm_u",0.139792450254638,0.117153568415226,0.190813952165223,,499,0,TRUE,""
"C1_CORE_P1_D40__N02500__R000005","C1_CORE_P1_D40","C1",2500,5,"CI-N-A","orientation_A",0.0186188160000001,0.0129701536000001,0.0249777184000001,,499,0,TRUE,""
"C1_CORE_P1_D40__N02500__R000005","C1_CORE_P1_D40","C1",2500,5,"CI-S-gamma0.60","egc_dm_u",0.139792450254638,0.0710635372911917,0.127665049200275,,499,0,TRUE,"realized_m=105"
"C1_CORE_P1_D40__N02500__R000005","C1_CORE_P1_D40","C1",2500,5,"CI-S-gamma0.60-A","orientation_A",0.0186188160000001,0.0117725042204623,0.024526867573851,,499,0,TRUE,"realized_m=105"
"C1_CORE_P1_D40__N02500__R000005","C1_CORE_P1_D40","C1",2500,5,"CI-S-gamma0.70","egc_dm_u",0.139792450254638,0.0825584843738556,0.134647911431415,,499,0,TRUE,"realized_m=235"
"C1_CORE_P1_D40__N02500__R000005","C1_CORE_P1_D40","C1",2500,5,"CI-S-gamma0.70-A","orientation_A",0.0186188160000001,0.0128268317562688,0.0244590349203922,,499,0,TRUE,"realized_m=235"
"C1_CORE_P1_D40__N02500__R000005","C1_CORE_P1_D40","C1",2500,5,"CI-S-gamma0.80","egc_dm_u",0.139792450254638,0.0897769832245099,0.149588156898863,,499,0,TRUE,"realized_m=520"
"C1_CORE_P1_D40__N02500__R000005","C1_CORE_P1_D40","C1",2500,5,"CI-S-gamma0.80-A","orientation_A",0.0186188160000001,0.0129533717594151,0.0244614524287471,,499,0,TRUE,"realized_m=520"
"C1_CORE_P1_D40__N02500__R000005","C1_CORE_P1_D40","C1",2500,5,"PERM-D","orientation_D",0.0186188160000001,,,0.002,499,0,TRUE,""
"C1_CORE_P1_D40__N02500__R000005","C1_CORE_P1_D40","C1",2500,5,"PERM-DM","egc_dm_u",0.139792450254638,,,0.002,499,0,TRUE,""
"C1_CORE_P1_D40__N02500__R000005","C1_CORE_P1_D40","C1",2500,5,"POINT","egc_dd",1,,,,,0,TRUE,""
"C1_CORE_P1_D40__N02500__R000005","C1_CORE_P1_D40","C1",2500,5,"POINT","egc_dm_r",0.426426230610918,,,,,0,TRUE,""
"C1_CORE_P1_D40__N02500__R000005","C1_CORE_P1_D40","C1",2500,5,"POINT","egc_dm_u",0.139792450254638,,,,,0,TRUE,""
"C1_CORE_P1_D40__N02500__R000005","C1_CORE_P1_D40","C1",2500,5,"POINT","orientation_A",0.0186188160000001,,,,,0,TRUE,""
"C1_CORE_P1_D40__N02500__R000005","C1_CORE_P1_D40","C1",2500,5,"POINT","orientation_D",0.0186188160000001,,,,,0,TRUE,""
"C2_CORE_P1_D40__N02500__R000001","C2_CORE_P1_D40","C2",2500,1,"BC-B","egc_dm_u",0.17181375847557,,,,499,0,TRUE,""
"C2_CORE_P1_D40__N02500__R000001","C2_CORE_P1_D40","C2",2500,1,"BC-E","egc_dm_u",0.160047489740957,,,,199,0,TRUE,"R2=0.998780116859"
"C2_CORE_P1_D40__N02500__R000001","C2_CORE_P1_D40","C2",2500,1,"BC-PD","egc_dm_u",0.114713016935182,,,,499,0,TRUE,"negative control"
"C2_CORE_P1_D40__N02500__R000001","C2_CORE_P1_D40","C2",2500,1,"BC-PM","egc_dm_u",0.113889159662488,,,,499,0,TRUE,"negative control"
"C2_CORE_P1_D40__N02500__R000001","C2_CORE_P1_D40","C2",2500,1,"BC-Q","egc_dm_u",0.166878536692236,,,,499,0,TRUE,""
"C2_CORE_P1_D40__N02500__R000001","C2_CORE_P1_D40","C2",2500,1,"CI-M-gamma0.60","egc_dm_u",0.179690764706096,0.121334356111517,0.171186779357632,,499,0,TRUE,"realized_m=105"
"C2_CORE_P1_D40__N02500__R000001","C2_CORE_P1_D40","C2",2500,1,"CI-M-gamma0.60-A","orientation_A",-0.0236284159999999,-0.0302051141525178,-0.0178563534580193,,499,0,TRUE,"realized_m=105"
"C2_CORE_P1_D40__N02500__R000001","C2_CORE_P1_D40","C2",2500,1,"CI-M-gamma0.70","egc_dm_u",0.179690764706096,0.119402625034371,0.181675202017621,,499,0,TRUE,"realized_m=235"
"C2_CORE_P1_D40__N02500__R000001","C2_CORE_P1_D40","C2",2500,1,"CI-M-gamma0.70-A","orientation_A",-0.0236284159999999,-0.0292540892692373,-0.0174534466690592,,499,0,TRUE,"realized_m=235"
"C2_CORE_P1_D40__N02500__R000001","C2_CORE_P1_D40","C2",2500,1,"CI-M-gamma0.80","egc_dm_u",0.179690764706096,0.122825205397949,0.192399745902993,,499,0,TRUE,"realized_m=520"
"C2_CORE_P1_D40__N02500__R000001","C2_CORE_P1_D40","C2",2500,1,"CI-M-gamma0.80-A","orientation_A",-0.0236284159999999,-0.0297544363515209,-0.0177188727495773,,499,0,TRUE,"realized_m=520"
"C2_CORE_P1_D40__N02500__R000001","C2_CORE_P1_D40","C2",2500,1,"CI-N","egc_dm_u",0.179690764706096,0.145891256793567,0.229243248714274,,499,0,TRUE,""
"C2_CORE_P1_D40__N02500__R000001","C2_CORE_P1_D40","C2",2500,1,"CI-N-A","orientation_A",-0.0236284159999999,-0.0297226719999999,-0.0170101759999999,,499,0,TRUE,""
"C2_CORE_P1_D40__N02500__R000001","C2_CORE_P1_D40","C2",2500,1,"CI-S-gamma0.60","egc_dm_u",0.179690764706096,0.118356918547871,0.173029603392908,,499,0,TRUE,"realized_m=105"
"C2_CORE_P1_D40__N02500__R000001","C2_CORE_P1_D40","C2",2500,1,"CI-S-gamma0.60-A","orientation_A",-0.0236284159999999,-0.0294455850671716,-0.0179028248900645,,499,0,TRUE,"realized_m=105"
"C2_CORE_P1_D40__N02500__R000001","C2_CORE_P1_D40","C2",2500,1,"CI-S-gamma0.70","egc_dm_u",0.179690764706096,0.123880808301937,0.184640911609994,,499,0,TRUE,"realized_m=235"
"C2_CORE_P1_D40__N02500__R000001","C2_CORE_P1_D40","C2",2500,1,"CI-S-gamma0.70-A","orientation_A",-0.0236284159999999,-0.0294437363073268,-0.0178973628624324,,499,0,TRUE,"realized_m=235"
"C2_CORE_P1_D40__N02500__R000001","C2_CORE_P1_D40","C2",2500,1,"CI-S-gamma0.80","egc_dm_u",0.179690764706096,0.127908482688938,0.195096426434517,,499,0,TRUE,"realized_m=520"
"C2_CORE_P1_D40__N02500__R000001","C2_CORE_P1_D40","C2",2500,1,"CI-S-gamma0.80-A","orientation_A",-0.0236284159999999,-0.0296717567667009,-0.0175219057582414,,499,0,TRUE,"realized_m=520"
"C2_CORE_P1_D40__N02500__R000001","C2_CORE_P1_D40","C2",2500,1,"PERM-D","orientation_D",0.0236284159999999,,,0.002,499,0,TRUE,""
"C2_CORE_P1_D40__N02500__R000001","C2_CORE_P1_D40","C2",2500,1,"PERM-DM","egc_dm_u",0.179690764706096,,,0.002,499,0,TRUE,""
"C2_CORE_P1_D40__N02500__R000001","C2_CORE_P1_D40","C2",2500,1,"POINT","egc_dd",-1,,,,,0,TRUE,""
"C2_CORE_P1_D40__N02500__R000001","C2_CORE_P1_D40","C2",2500,1,"POINT","egc_dm_r",0.556565178283335,,,,,0,TRUE,""
"C2_CORE_P1_D40__N02500__R000001","C2_CORE_P1_D40","C2",2500,1,"POINT","egc_dm_u",0.179690764706096,,,,,0,TRUE,""
"C2_CORE_P1_D40__N02500__R000001","C2_CORE_P1_D40","C2",2500,1,"POINT","orientation_A",-0.0236284159999999,,,,,0,TRUE,""
"C2_CORE_P1_D40__N02500__R000001","C2_CORE_P1_D40","C2",2500,1,"POINT","orientation_D",0.0236284159999999,,,,,0,TRUE,""
"C2_CORE_P1_D40__N02500__R000002","C2_CORE_P1_D40","C2",2500,2,"BC-B","egc_dm_u",0.126071610984521,,,,499,0,TRUE,""
"C2_CORE_P1_D40__N02500__R000002","C2_CORE_P1_D40","C2",2500,2,"BC-E","egc_dm_u",0.109575332296104,,,,199,0,TRUE,"R2=0.999284740774"
"C2_CORE_P1_D40__N02500__R000002","C2_CORE_P1_D40","C2",2500,2,"BC-PD","egc_dm_u",0.0762407381519769,,,,499,0,TRUE,"negative control"
"C2_CORE_P1_D40__N02500__R000002","C2_CORE_P1_D40","C2",2500,2,"BC-PM","egc_dm_u",0.0743172265430993,,,,499,0,TRUE,"negative control"
"C2_CORE_P1_D40__N02500__R000002","C2_CORE_P1_D40","C2",2500,2,"BC-Q","egc_dm_u",0.122121774348179,,,,499,0,TRUE,""
"C2_CORE_P1_D40__N02500__R000002","C2_CORE_P1_D40","C2",2500,2,"CI-M-gamma0.60","egc_dm_u",0.138449787288424,0.0724429642716393,0.123152794637714,,499,0,TRUE,"realized_m=105"
"C2_CORE_P1_D40__N02500__R000002","C2_CORE_P1_D40","C2",2500,2,"CI-M-gamma0.60-A","orientation_A",-0.0185398399999999,-0.0250707814436621,-0.0120141678962516,,499,0,TRUE,"realized_m=105"
"C2_CORE_P1_D40__N02500__R000002","C2_CORE_P1_D40","C2",2500,2,"CI-M-gamma0.70","egc_dm_u",0.138449787288424,0.0729820931756299,0.132851169916835,,499,0,TRUE,"realized_m=235"
"C2_CORE_P1_D40__N02500__R000002","C2_CORE_P1_D40","C2",2500,2,"CI-M-gamma0.70-A","orientation_A",-0.0185398399999999,-0.0240080850777591,-0.0118521318675773,,499,0,TRUE,"realized_m=235"
"C2_CORE_P1_D40__N02500__R000002","C2_CORE_P1_D40","C2",2500,2,"CI-M-gamma0.80","egc_dm_u",0.138449787288424,0.0768086647386145,0.14263542718662,,499,0,TRUE,"realized_m=520"
"C2_CORE_P1_D40__N02500__R000002","C2_CORE_P1_D40","C2",2500,2,"CI-M-gamma0.80-A","orientation_A",-0.0185398399999999,-0.0247702455193266,-0.0118602888051346,,499,0,TRUE,"realized_m=520"
"C2_CORE_P1_D40__N02500__R000002","C2_CORE_P1_D40","C2",2500,2,"CI-N","egc_dm_u",0.138449787288424,0.111886216439369,0.188654403538331,,499,0,TRUE,""
"C2_CORE_P1_D40__N02500__R000002","C2_CORE_P1_D40","C2",2500,2,"CI-N-A","orientation_A",-0.0185398399999999,-0.0243771967999999,-0.0120793503999999,,499,0,TRUE,""
"C2_CORE_P1_D40__N02500__R000002","C2_CORE_P1_D40","C2",2500,2,"CI-S-gamma0.60","egc_dm_u",0.138449787288424,0.0747101223837079,0.123411683935342,,499,0,TRUE,"realized_m=105"
"C2_CORE_P1_D40__N02500__R000002","C2_CORE_P1_D40","C2",2500,2,"CI-S-gamma0.60-A","orientation_A",-0.0185398399999999,-0.0243952727074535,-0.012227564712203,,499,0,TRUE,"realized_m=105"
"C2_CORE_P1_D40__N02500__R000002","C2_CORE_P1_D40","C2",2500,2,"CI-S-gamma0.70","egc_dm_u",0.138449787288424,0.0790323256660146,0.132799423074811,,499,0,TRUE,"realized_m=235"
"C2_CORE_P1_D40__N02500__R000002","C2_CORE_P1_D40","C2",2500,2,"CI-S-gamma0.70-A","orientation_A",-0.0185398399999999,-0.0242303762781425,-0.0120151306099164,,499,0,TRUE,"realized_m=235"
"C2_CORE_P1_D40__N02500__R000002","C2_CORE_P1_D40","C2",2500,2,"CI-S-gamma0.80","egc_dm_u",0.138449787288424,0.0893631668633393,0.146244351430352,,499,0,TRUE,"realized_m=520"
"C2_CORE_P1_D40__N02500__R000002","C2_CORE_P1_D40","C2",2500,2,"CI-S-gamma0.80-A","orientation_A",-0.0185398399999999,-0.0241637936319766,-0.013096873146356,,499,0,TRUE,"realized_m=520"
"C2_CORE_P1_D40__N02500__R000002","C2_CORE_P1_D40","C2",2500,2,"PERM-D","orientation_D",0.0185398399999999,,,0.002,499,0,TRUE,""
"C2_CORE_P1_D40__N02500__R000002","C2_CORE_P1_D40","C2",2500,2,"PERM-DM","egc_dm_u",0.138449787288424,,,0.002,499,0,TRUE,""
"C2_CORE_P1_D40__N02500__R000002","C2_CORE_P1_D40","C2",2500,2,"POINT","egc_dd",-1,,,,,0,TRUE,""
"C2_CORE_P1_D40__N02500__R000002","C2_CORE_P1_D40","C2",2500,2,"POINT","egc_dm_r",0.418250065757056,,,,,0,TRUE,""
"C2_CORE_P1_D40__N02500__R000002","C2_CORE_P1_D40","C2",2500,2,"POINT","egc_dm_u",0.138449787288424,,,,,0,TRUE,""
"C2_CORE_P1_D40__N02500__R000002","C2_CORE_P1_D40","C2",2500,2,"POINT","orientation_A",-0.0185398399999999,,,,,0,TRUE,""
"C2_CORE_P1_D40__N02500__R000002","C2_CORE_P1_D40","C2",2500,2,"POINT","orientation_D",0.0185398399999999,,,,,0,TRUE,""
"C2_CORE_P1_D40__N02500__R000003","C2_CORE_P1_D40","C2",2500,3,"BC-B","egc_dm_u",0.132386926529166,,,,499,0,TRUE,""
"C2_CORE_P1_D40__N02500__R000003","C2_CORE_P1_D40","C2",2500,3,"BC-E","egc_dm_u",0.111695881139544,,,,199,0,TRUE,"R2=0.963692521484"
"C2_CORE_P1_D40__N02500__R000003","C2_CORE_P1_D40","C2",2500,3,"BC-PD","egc_dm_u",0.0821668546518521,,,,499,0,TRUE,"negative control"
"C2_CORE_P1_D40__N02500__R000003","C2_CORE_P1_D40","C2",2500,3,"BC-PM","egc_dm_u",0.081356512403218,,,,499,0,TRUE,"negative control"
"C2_CORE_P1_D40__N02500__R000003","C2_CORE_P1_D40","C2",2500,3,"BC-Q","egc_dm_u",0.130386524674548,,,,499,0,TRUE,""
"C2_CORE_P1_D40__N02500__R000003","C2_CORE_P1_D40","C2",2500,3,"CI-M-gamma0.60","egc_dm_u",0.146023401152522,0.0784512424528416,0.13233284375378,,499,0,TRUE,"realized_m=105"
"C2_CORE_P1_D40__N02500__R000003","C2_CORE_P1_D40","C2",2500,3,"CI-M-gamma0.60-A","orientation_A",-0.0198873599999999,-0.0259687629827676,-0.0139772746578324,,499,0,TRUE,"realized_m=105"
"C2_CORE_P1_D40__N02500__R000003","C2_CORE_P1_D40","C2",2500,3,"CI-M-gamma0.70","egc_dm_u",0.146023401152522,0.0829179779220427,0.140940321314639,,499,0,TRUE,"realized_m=235"
"C2_CORE_P1_D40__N02500__R000003","C2_CORE_P1_D40","C2",2500,3,"CI-M-gamma0.70-A","orientation_A",-0.0198873599999999,-0.0264307349667724,-0.0139068132061057,,499,0,TRUE,"realized_m=235"
"C2_CORE_P1_D40__N02500__R000003","C2_CORE_P1_D40","C2",2500,3,"CI-M-gamma0.80","egc_dm_u",0.146023401152522,0.0893533777935744,0.152637240273379,,499,0,TRUE,"realized_m=520"
"C2_CORE_P1_D40__N02500__R000003","C2_CORE_P1_D40","C2",2500,3,"CI-M-gamma0.80-A","orientation_A",-0.0198873599999999,-0.0268316391490446,-0.0136224032522644,,499,0,TRUE,"realized_m=520"
"C2_CORE_P1_D40__N02500__R000003","C2_CORE_P1_D40","C2",2500,3,"CI-N","egc_dm_u",0.146023401152522,0.120755896579278,0.198106224317964,,499,0,TRUE,""
"C2_CORE_P1_D40__N02500__R000003","C2_CORE_P1_D40","C2",2500,3,"CI-N-A","orientation_A",-0.0198873599999999,-0.0261664575999999,-0.0136826239999999,,499,0,TRUE,""
"C2_CORE_P1_D40__N02500__R000003","C2_CORE_P1_D40","C2",2500,3,"CI-S-gamma0.60","egc_dm_u",0.146023401152522,0.0820591497022041,0.135018496666625,,499,0,TRUE,"realized_m=105"
"C2_CORE_P1_D40__N02500__R000003","C2_CORE_P1_D40","C2",2500,3,"CI-S-gamma0.60-A","orientation_A",-0.0198873599999999,-0.0260382842451072,-0.0139947479162814,,499,0,TRUE,"realized_m=105"
"C2_CORE_P1_D40__N02500__R000003","C2_CORE_P1_D40","C2",2500,3,"CI-S-gamma0.70","egc_dm_u",0.146023401152522,0.0879732615190618,0.141750974042005,,499,0,TRUE,"realized_m=235"
"C2_CORE_P1_D40__N02500__R000003","C2_CORE_P1_D40","C2",2500,3,"CI-S-gamma0.70-A","orientation_A",-0.0198873599999999,-0.0261611430414322,-0.0147202524338827,,499,0,TRUE,"realized_m=235"
"C2_CORE_P1_D40__N02500__R000003","C2_CORE_P1_D40","C2",2500,3,"CI-S-gamma0.80","egc_dm_u",0.146023401152522,0.0939110174251703,0.153978781650604,,499,0,TRUE,"realized_m=520"
"C2_CORE_P1_D40__N02500__R000003","C2_CORE_P1_D40","C2",2500,3,"CI-S-gamma0.80-A","orientation_A",-0.0198873599999999,-0.0257185513235418,-0.01436311248257,,499,0,TRUE,"realized_m=520"
"C2_CORE_P1_D40__N02500__R000003","C2_CORE_P1_D40","C2",2500,3,"PERM-D","orientation_D",0.0198873599999999,,,0.002,499,0,TRUE,""
"C2_CORE_P1_D40__N02500__R000003","C2_CORE_P1_D40","C2",2500,3,"PERM-DM","egc_dm_u",0.146023401152522,,,0.002,499,0,TRUE,""
"C2_CORE_P1_D40__N02500__R000003","C2_CORE_P1_D40","C2",2500,3,"POINT","egc_dd",-1,,,,,0,TRUE,""
"C2_CORE_P1_D40__N02500__R000003","C2_CORE_P1_D40","C2",2500,3,"POINT","egc_dm_r",0.443459683841012,,,,,0,TRUE,""
"C2_CORE_P1_D40__N02500__R000003","C2_CORE_P1_D40","C2",2500,3,"POINT","egc_dm_u",0.146023401152522,,,,,0,TRUE,""
"C2_CORE_P1_D40__N02500__R000003","C2_CORE_P1_D40","C2",2500,3,"POINT","orientation_A",-0.0198873599999999,,,,,0,TRUE,""
"C2_CORE_P1_D40__N02500__R000003","C2_CORE_P1_D40","C2",2500,3,"POINT","orientation_D",0.0198873599999999,,,,,0,TRUE,""
"C2_CORE_P1_D40__N02500__R000004","C2_CORE_P1_D40","C2",2500,4,"BC-B","egc_dm_u",0.155302932927802,,,,499,0,TRUE,""
"C2_CORE_P1_D40__N02500__R000004","C2_CORE_P1_D40","C2",2500,4,"BC-E","egc_dm_u",0.136084952063119,,,,199,0,TRUE,"R2=0.988417103404"
"C2_CORE_P1_D40__N02500__R000004","C2_CORE_P1_D40","C2",2500,4,"BC-PD","egc_dm_u",0.103322434195474,,,,499,0,TRUE,"negative control"
"C2_CORE_P1_D40__N02500__R000004","C2_CORE_P1_D40","C2",2500,4,"BC-PM","egc_dm_u",0.102385962802762,,,,499,0,TRUE,"negative control"
"C2_CORE_P1_D40__N02500__R000004","C2_CORE_P1_D40","C2",2500,4,"BC-Q","egc_dm_u",0.152603476048007,,,,499,0,TRUE,""
"C2_CORE_P1_D40__N02500__R000004","C2_CORE_P1_D40","C2",2500,4,"CI-M-gamma0.60","egc_dm_u",0.165464983058865,0.105386503935139,0.155088734255915,,499,0,TRUE,"realized_m=105"
"C2_CORE_P1_D40__N02500__R000004","C2_CORE_P1_D40","C2",2500,4,"CI-M-gamma0.60-A","orientation_A",-0.0204622079999999,-0.0270108849348255,-0.0138795453246864,,499,0,TRUE,"realized_m=105"
"C2_CORE_P1_D40__N02500__R000004","C2_CORE_P1_D40","C2",2500,4,"CI-M-gamma0.70","egc_dm_u",0.165464983058865,0.104605148876046,0.166174859062154,,499,0,TRUE,"realized_m=235"
"C2_CORE_P1_D40__N02500__R000004","C2_CORE_P1_D40","C2",2500,4,"CI-M-gamma0.70-A","orientation_A",-0.0204622079999999,-0.0265019633808689,-0.0139193043349859,,499,0,TRUE,"realized_m=235"
"C2_CORE_P1_D40__N02500__R000004","C2_CORE_P1_D40","C2",2500,4,"CI-M-gamma0.80","egc_dm_u",0.165464983058865,0.10605240360111,0.176408950836899,,499,0,TRUE,"realized_m=520"
"C2_CORE_P1_D40__N02500__R000004","C2_CORE_P1_D40","C2",2500,4,"CI-M-gamma0.80-A","orientation_A",-0.0204622079999999,-0.0274678793537318,-0.0140875496771852,,499,0,TRUE,"realized_m=520"
"C2_CORE_P1_D40__N02500__R000004","C2_CORE_P1_D40","C2",2500,4,"CI-N","egc_dm_u",0.165464983058865,0.138690804054869,0.211286975990353,,499,0,TRUE,""
"C2_CORE_P1_D40__N02500__R000004","C2_CORE_P1_D40","C2",2500,4,"CI-N-A","orientation_A",-0.0204622079999999,-0.0267886463999999,-0.0140762879999999,,499,0,TRUE,""
"C2_CORE_P1_D40__N02500__R000004","C2_CORE_P1_D40","C2",2500,4,"CI-S-gamma0.60","egc_dm_u",0.165464983058865,0.101434035065427,0.156723078782361,,499,0,TRUE,"realized_m=105"
"C2_CORE_P1_D40__N02500__R000004","C2_CORE_P1_D40","C2",2500,4,"CI-S-gamma0.60-A","orientation_A",-0.0204622079999999,-0.0273090456428273,-0.0141174790567577,,499,0,TRUE,"realized_m=105"
"C2_CORE_P1_D40__N02500__R000004","C2_CORE_P1_D40","C2",2500,4,"CI-S-gamma0.70","egc_dm_u",0.165464983058865,0.111087250512503,0.166884711340324,,499,0,TRUE,"realized_m=235"
"C2_CORE_P1_D40__N02500__R000004","C2_CORE_P1_D40","C2",2500,4,"CI-S-gamma0.70-A","orientation_A",-0.0204622079999999,-0.0266665166071268,-0.0149302740550118,,499,0,TRUE,"realized_m=235"
"C2_CORE_P1_D40__N02500__R000004","C2_CORE_P1_D40","C2",2500,4,"CI-S-gamma0.80","egc_dm_u",0.165464983058865,0.115872638483342,0.178512401088523,,499,0,TRUE,"realized_m=520"
"C2_CORE_P1_D40__N02500__R000004","C2_CORE_P1_D40","C2",2500,4,"CI-S-gamma0.80-A","orientation_A",-0.0204622079999999,-0.0265098621326426,-0.0149535770052494,,499,0,TRUE,"realized_m=520"
"C2_CORE_P1_D40__N02500__R000004","C2_CORE_P1_D40","C2",2500,4,"PERM-D","orientation_D",0.0213850879999999,,,0.002,499,0,TRUE,""
"C2_CORE_P1_D40__N02500__R000004","C2_CORE_P1_D40","C2",2500,4,"PERM-DM","egc_dm_u",0.165464983058865,,,0.002,499,0,TRUE,""
"C2_CORE_P1_D40__N02500__R000004","C2_CORE_P1_D40","C2",2500,4,"POINT","egc_dd",-0.956844694770486,,,,,0,TRUE,""
"C2_CORE_P1_D40__N02500__R000004","C2_CORE_P1_D40","C2",2500,4,"POINT","egc_dm_r",0.478476993261688,,,,,0,TRUE,""
"C2_CORE_P1_D40__N02500__R000004","C2_CORE_P1_D40","C2",2500,4,"POINT","egc_dm_u",0.165464983058865,,,,,0,TRUE,""
"C2_CORE_P1_D40__N02500__R000004","C2_CORE_P1_D40","C2",2500,4,"POINT","orientation_A",-0.0204622079999999,,,,,0,TRUE,""
"C2_CORE_P1_D40__N02500__R000004","C2_CORE_P1_D40","C2",2500,4,"POINT","orientation_D",0.0213850879999999,,,,,0,TRUE,""
"C2_CORE_P1_D40__N02500__R000005","C2_CORE_P1_D40","C2",2500,5,"BC-B","egc_dm_u",0.112972475981641,,,,499,0,TRUE,""
"C2_CORE_P1_D40__N02500__R000005","C2_CORE_P1_D40","C2",2500,5,"BC-E","egc_dm_u",0.0890730467018672,,,,199,0,TRUE,"R2=0.994597519319"
"C2_CORE_P1_D40__N02500__R000005","C2_CORE_P1_D40","C2",2500,5,"BC-PD","egc_dm_u",0.0654311019445649,,,,499,0,TRUE,"negative control"
"C2_CORE_P1_D40__N02500__R000005","C2_CORE_P1_D40","C2",2500,5,"BC-PM","egc_dm_u",0.0636253644944692,,,,499,0,TRUE,"negative control"
"C2_CORE_P1_D40__N02500__R000005","C2_CORE_P1_D40","C2",2500,5,"BC-Q","egc_dm_u",0.109959165579614,,,,499,0,TRUE,""
"C2_CORE_P1_D40__N02500__R000005","C2_CORE_P1_D40","C2",2500,5,"CI-M-gamma0.60","egc_dm_u",0.127737987038639,0.0598379786148832,0.111157185973106,,499,0,TRUE,"realized_m=105"
"C2_CORE_P1_D40__N02500__R000005","C2_CORE_P1_D40","C2",2500,5,"CI-M-gamma0.60-A","orientation_A",-0.0159023359999999,-0.0227980134672415,-0.00974325877711284,,499,0,TRUE,"realized_m=105"
"C2_CORE_P1_D40__N02500__R000005","C2_CORE_P1_D40","C2",2500,5,"CI-M-gamma0.70","egc_dm_u",0.127737987038639,0.0655527416453047,0.118290866777996,,499,0,TRUE,"realized_m=235"
"C2_CORE_P1_D40__N02500__R000005","C2_CORE_P1_D40","C2",2500,5,"CI-M-gamma0.70-A","orientation_A",-0.0159023359999999,-0.0218942414167712,-0.00975605373708962,,499,0,TRUE,"realized_m=235"
"C2_CORE_P1_D40__N02500__R000005","C2_CORE_P1_D40","C2",2500,5,"CI-M-gamma0.80","egc_dm_u",0.127737987038639,0.0713158435017519,0.129789112852269,,499,0,TRUE,"realized_m=520"
"C2_CORE_P1_D40__N02500__R000005","C2_CORE_P1_D40","C2",2500,5,"CI-M-gamma0.80-A","orientation_A",-0.0159023359999999,-0.0221101048515477,-0.0103603272318951,,499,0,TRUE,"realized_m=520"
"C2_CORE_P1_D40__N02500__R000005","C2_CORE_P1_D40","C2",2500,5,"CI-N","egc_dm_u",0.127737987038639,0.110299902954828,0.180131474989032,,499,0,TRUE,""
"C2_CORE_P1_D40__N02500__R000005","C2_CORE_P1_D40","C2",2500,5,"CI-N-A","orientation_A",-0.0159023359999999,-0.0220796159999999,-0.00987677759999988,,499,0,TRUE,""
"C2_CORE_P1_D40__N02500__R000005","C2_CORE_P1_D40","C2",2500,5,"CI-S-gamma0.60","egc_dm_u",0.127737987038639,0.0624544663354538,0.111119697927228,,499,0,TRUE,"realized_m=105"
"C2_CORE_P1_D40__N02500__R000005","C2_CORE_P1_D40","C2",2500,5,"CI-S-gamma0.60-A","orientation_A",-0.0159023359999999,-0.0219868081494611,-0.00977857706546717,,499,0,TRUE,"realized_m=105"
"C2_CORE_P1_D40__N02500__R000005","C2_CORE_P1_D40","C2",2500,5,"CI-S-gamma0.70","egc_dm_u",0.127737987038639,0.0718092977276001,0.118947138284938,,499,0,TRUE,"realized_m=235"
"C2_CORE_P1_D40__N02500__R000005","C2_CORE_P1_D40","C2",2500,5,"CI-S-gamma0.70-A","orientation_A",-0.0159023359999999,-0.0218172944627923,-0.0104863280752126,,499,0,TRUE,"realized_m=235"
"C2_CORE_P1_D40__N02500__R000005","C2_CORE_P1_D40","C2",2500,5,"CI-S-gamma0.80","egc_dm_u",0.127737987038639,0.0794665396034712,0.130832186591072,,499,0,TRUE,"realized_m=520"
"C2_CORE_P1_D40__N02500__R000005","C2_CORE_P1_D40","C2",2500,5,"CI-S-gamma0.80-A","orientation_A",-0.0159023359999999,-0.0217526362426786,-0.0108946242306568,,499,0,TRUE,"realized_m=520"
"C2_CORE_P1_D40__N02500__R000005","C2_CORE_P1_D40","C2",2500,5,"PERM-D","orientation_D",0.0166140159999999,,,0.002,499,0,TRUE,""
"C2_CORE_P1_D40__N02500__R000005","C2_CORE_P1_D40","C2",2500,5,"PERM-DM","egc_dm_u",0.127737987038639,,,0.002,499,0,TRUE,""
"C2_CORE_P1_D40__N02500__R000005","C2_CORE_P1_D40","C2",2500,5,"POINT","egc_dd",-0.957163878980253,,,,,0,TRUE,""
"C2_CORE_P1_D40__N02500__R000005","C2_CORE_P1_D40","C2",2500,5,"POINT","egc_dm_r",0.369726381223927,,,,,0,TRUE,""
"C2_CORE_P1_D40__N02500__R000005","C2_CORE_P1_D40","C2",2500,5,"POINT","egc_dm_u",0.127737987038639,,,,,0,TRUE,""
"C2_CORE_P1_D40__N02500__R000005","C2_CORE_P1_D40","C2",2500,5,"POINT","orientation_A",-0.0159023359999999,,,,,0,TRUE,""
"C2_CORE_P1_D40__N02500__R000005","C2_CORE_P1_D40","C2",2500,5,"POINT","orientation_D",0.0166140159999999,,,,,0,TRUE,""
