"job_id","condition_id","scenario","block","profile","variant","effect_level","N","replication","stream_index","stream_signature","egc_s","egc_lm","egc_ld","egc_dm_u","egc_dm_r","orientation_A","orientation_D","egc_dd","directional_coherence","mean_burden","p_dm","p_D","ci_n_dm_lower","ci_n_dm_upper","ci_n_A_lower","ci_n_A_upper","sign_stability_A","bootstrap_failure_fraction","group_min_n","group_min_neff","support_critical","orientation_gate","bias_raw","bias_perm_mean","bias_perm_median","bias_bootstrap","bias_quadrature","bias_extrapolation","extrapolation_r_squared","extrapolation_admissible"
"C0_CORE_P1_NULL__N02500__R000001","C0_CORE_P1_NULL","C0","CORE","P1","NULL","null",2500,1,1,"10407:1008387740:1143142125:1299629258:-723265597:-466899416:-1661305335",-0.00180964524720492,0.0408832550759307,-0.0125196726480221,0.0697109279420332,0.164516366909113,0.000269120000000121,0.00512083199999999,0.0525539599815268,0.0525539599815268,-0.0090353578792392,0.344,0.376,0.0703773756066098,0.123855128198427,-0.00548690879999989,0.00666234880000013,0.541082164328657,0,500,500,FALSE,FALSE,0.0697109279420332,0.0038991495718394,0.00499542984650941,0.0450879463942903,0.0201199509019023,0.0168723940278961,0.995657922791764,TRUE
"C0_CORE_P1_NULL__N02500__R000002","C0_CORE_P1_NULL","C0","CORE","P1","NULL","null",2500,2,2,"10407:1241506341:-244223554:241942639:-235350258:1504979121:-2099500067",-0.000664163080189241,0.0288167122481323,-0.00651891463219872,0.0582457911878032,0.158575630174002,0.00169382400000012,0.00446617600000002,0.379255989911754,0.379255989911754,0.0273122842158475,0.738,0.524,0.0669653611088464,0.116825402891854,-0.00532792639999988,0.00827769920000013,0.733466933867735,0,500,500,FALSE,FALSE,0.0582457911878032,0,0,0.0275881108081188,0,0,0.994380997451645,TRUE
"C0_CORE_P1_NULL__N02500__R000003","C0_CORE_P1_NULL","C0","CORE","P1","NULL","null",2500,3,3,"10407:-167203861:216307125:-663070212:-1325584030:721325846:1476000642",0.165018509289788,0.0591808288531079,0.78867234002234,0.0766413852518106,0.209541277967715,0.00742803200000013,0.00798483200000008,0.930267787725534,0.930267787725534,0.0220613255179379,0.154,0.048,0.0702134068853723,0.13030273455389,0.00124866560000012,0.0132117664000001,0.991983967935872,0,500,500,FALSE,FALSE,0.0766413852518106,0.0119361733848673,0.0128485789466033,0.0547071121471173,0.039531423601031,0.0249012234940444,0.998284595785509,TRUE
"C0_CORE_P1_NULL__N02500__R000004","C0_CORE_P1_NULL","C0","CORE","P1","NULL","null",2500,4,4,"10407:-2075853353:-259812414:182654791:687828250:2043944767:-1750672935",0.0616086370598615,0.0397046779924125,0.438879116994873,0.0677505829664916,0.161725114964657,0.00244441600000012,0.00466163200000004,0.524369147972234,0.524369147972234,0.0502584772360445,0.444,0.512,0.0688153952504936,0.125274450247995,-0.00389684479999988,0.00943144960000013,0.771543086172345,0,500,500,FALSE,FALSE,0.0677505829664916,0.001397804455863,0.00180744016466504,0.0434108721570719,0.00819481001190138,0.00697162423662505,0.997382910588519,TRUE
"C0_CORE_P1_NULL__N02500__R000005","C0_CORE_P1_NULL","C0","CORE","P1","NULL","null",2500,5,5,"10407:-250070529:-2058029927:-1306037994:938507389:858003829:-205946375",-0.0611731451803101,0.0423425991435824,-0.408628158482453,0.0761098747471666,0.186393663673891,-0.00270214399999988,0.00519993599999997,-0.519649472608874,0.519649472608874,-0.0165222624342881,0.114,0.326,0.0734410114031337,0.13068580385255,-0.00932199039999988,0.00313931840000013,0.785571142284569,0,500,500,FALSE,FALSE,0.0761098747471666,0.0124600062339688,0.0131920746004981,0.0533919311837927,0.0402791299377832,0.0203068613741277,0.999961030668157,TRUE
"C1_CORE_P1_D40__N02500__R000001","C1_CORE_P1_D40","C1","CORE","P1","D40","moderate",2500,1,6,"10407:1907782953:29984497:-1188489256:1777054321:1026012455:1280867732",0.422607861061495,0.121727929400243,0.981956682617271,0.141876681435585,0.432642255415969,0.0192123520000001,0.0192123520000001,1,1,-0.0164252448250206,0.002,0.002,0.116901189663597,0.188549602146996,0.0127934432000001,0.0247497440000001,1,0,500,500,FALSE,TRUE,0.141876681435585,0.0782868597270871,0.0791731149849104,0.129514647542321,0.126363550748392,0.110893026342124,0.974553480293427,TRUE
"C1_CORE_P1_D40__N02500__R000002","C1_CORE_P1_D40","C1","CORE","P1","D40","moderate",2500,2,7,"10407:-765798329:1787918512:-271517890:1979092452:1700381260:-348607651",0.307263059499969,0.0988251357600918,0.879402962857532,0.116422182593004,0.335949981409904,0.0134728320000001,0.0141430400000001,0.952612168246715,0.952612168246715,-0.0276388343318729,0.002,0.002,0.096255192881552,0.16629701772695,0.00717120640000013,0.0191613472000001,1,0,500,500,FALSE,TRUE,0.116422182593004,0.0517597636724956,0.0532728544596015,0.101913318561086,0.0961678648378676,0.0786091079574517,0.964909646704494,TRUE
"C1_CORE_P1_D40__N02500__R000003","C1_CORE_P1_D40","C1","CORE","P1","D40","moderate",2500,3,8,"10407:2055144828:1167101521:802757138:1450642172:-1380753952:-982628851",0.350780201669773,0.101261216848308,0.979798849062832,0.122386680795818,0.370950597427545,0.0161907200000001,0.0161907200000001,1,1,0.000168039527915696,0.002,0.002,0.0984366960413166,0.174054072481999,0.00914288640000013,0.0225729024000001,1,0,500,500,FALSE,TRUE,0.122386680795818,0.0560328588130491,0.0571812161257768,0.106361446122358,0.102224724914501,0.0856027833834434,0.999163035591373,TRUE
"C1_CORE_P1_D40__N02500__R000004","C1_CORE_P1_D40","C1","CORE","P1","D40","moderate",2500,4,9,"10407:936120666:-797929593:1482524852:1603799430:-1454762372:-1835543933",0.339873654187972,0.100014718694116,0.961166391350789,0.119030065879047,0.355817361893921,0.0128270080000001,0.0128270080000001,1,1,-0.00963049473954166,0.002,0.002,0.0992993500850262,0.173759827167974,0.00600868480000013,0.0195719264000001,1,0,500,500,FALSE,TRUE,0.119030065879047,0.0522076630581447,0.0525877074634422,0.10393324302842,0.097906344133095,0.0747460951354993,0.997512797249344,TRUE
"C1_CORE_P1_D40__N02500__R000005","C1_CORE_P1_D40","C1","CORE","P1","D40","moderate",2500,5,10,"10407:-378433239:-1064540071:-1942743273:401093427:244779440:-1287274865",0.413490722054357,0.120170634241963,0.973223101855822,0.139792450254638,0.426426230610918,0.0186188160000001,0.0186188160000001,1,1,0.0177559591702291,0.002,0.002,0.117153568415226,0.190813952165223,0.0129701536000001,0.0249777184000001,1,0,500,500,FALSE,TRUE,0.139792450254638,0.0763026455925714,0.0772624647096006,0.126556822306654,0.124049945405893,0.109667175276636,0.987135968767273,TRUE
"C2_CORE_P1_D40__N02500__R000001","C2_CORE_P1_D40","C2","CORE","P1","D40","moderate",2500,1,11,"10407:-1704520259:399379529:-1944190866:951115946:910219460:-592098376",-0.552450669985688,0.156795803056686,-0.996561406370578,0.179690764706096,0.556565178283335,-0.0236284159999999,0.0236284159999999,-1,1,-0.0101187721773249,0.002,0.002,0.145891256793567,0.229243248714274,-0.0297226719999999,-0.0170101759999999,1,0,500,500,FALSE,TRUE,0.179690764706096,0.113889159662488,0.114713016935182,0.17181375847557,0.166878536692236,0.160047489740957,0.99878011685949,TRUE
"C2_CORE_P1_D40__N02500__R000002","C2_CORE_P1_D40","C2","CORE","P1","D40","moderate",2500,2,12,"10407:-2024575777:-2051607212:-1893761874:245343799:-1858901587:196967418",-0.402762286834334,0.117414702347755,-0.970222428817348,0.138449787288424,0.418250065757056,-0.0185398399999999,0.0185398399999999,-1,1,0.0342353243779383,0.002,0.002,0.111886216439369,0.188654403538331,-0.0243771967999999,-0.0120793503999999,1,0,500,500,FALSE,TRUE,0.138449787288424,0.0743172265430993,0.0762407381519769,0.126071610984521,0.122121774348179,0.109575332296104,0.99928474077377,TRUE
"C2_CORE_P1_D40__N02500__R000003","C2_CORE_P1_D40","C2","CORE","P1","D40","moderate",2500,3,13,"10407:343079936:-56971686:-242570331:-265660627:699279011:-1833488524",-0.430413857070851,0.127833221538018,-0.952330085684167,0.146023401152522,0.443459683841012,-0.0198873599999999,0.0198873599999999,-1,1,-0.00144761381635757,0.002,0.002,0.120755896579278,0.198106224317964,-0.0261664575999999,-0.0136826239999999,1,0,500,500,FALSE,TRUE,0.146023401152522,0.081356512403218,0.0821668546518521,0.132386926529166,0.130386524674548,0.111695881139544,0.9636925214838,TRUE
"C2_CORE_P1_D40__N02500__R000004","C2_CORE_P1_D40","C2","CORE","P1","D40","moderate",2500,4,14,"10407:2072742354:557177189:1131697055:1344458918:-1868813619:-1704380113",-0.444561810227581,0.145169048238399,-0.866169956979418,0.165464983058865,0.478476993261688,-0.0204622079999999,0.0213850879999999,-0.956844694770486,0.956844694770486,0.010733621848833,0.002,0.002,0.138690804054869,0.211286975990353,-0.0267886463999999,-0.0140762879999999,1,0,500,500,FALSE,TRUE,0.165464983058865,0.102385962802762,0.103322434195474,0.155302932927802,0.152603476048007,0.136084952063119,0.988417103404475,TRUE
"C2_CORE_P1_D40__N02500__R000005","C2_CORE_P1_D40","C2","CORE","P1","D40","moderate",2500,5,15,"10407:-1688253127:-468290714:728682233:-1259598751:1281983862:1743581735",-0.337091171367108,0.10356935549366,-0.920579072895333,0.127737987038639,0.369726381223927,-0.0159023359999999,0.0166140159999999,-0.957163878980253,0.957163878980253,0.0070662698863221,0.002,0.002,0.110299902954828,0.180131474989032,-0.0220796159999999,-0.00987677759999988,1,0,500,500,FALSE,TRUE,0.127737987038639,0.0636253644944692,0.0654311019445649,0.112972475981641,0.109959165579614,0.0890730467018672,0.994597519319297,TRUE
