condition_id,scenario,block,profile,variant,effect_level,delta,gamma,threshold_q,shape,tail_max,cross_a,residual,direction_truth_class,module_plan,status
C0_CORE_P1_NULL,C0,CORE,P1,NULL,null,0.0,0.0,0.0,none,0.0,0.0,normal_or_declared_mixture,absent,FULL_INFERENCE,truth_registry_passed_batch_benchmark_pending_screening_locked
C0_PROFILE_STRESS_P2_NULL,C0,PROFILE_STRESS,P2,NULL,null,0.0,0.0,0.0,none,0.0,0.0,normal_or_declared_mixture,absent,FULL_INFERENCE,truth_registry_passed_batch_benchmark_pending_screening_locked
C0_PROFILE_STRESS_P3_NULL,C0,PROFILE_STRESS,P3,NULL,null,0.0,0.0,0.0,none,0.0,0.0,normal_or_declared_mixture,absent,FULL_INFERENCE,truth_registry_passed_batch_benchmark_pending_screening_locked
C1_CORE_P1_D10,C1,CORE,P1,D10,local,0.1,0.0,0.0,none,0.0,0.0,normal_or_declared_mixture,positive,FULL_INFERENCE,truth_registry_passed_batch_benchmark_pending_screening_locked
C1_CORE_P1_D40,C1,CORE,P1,D40,moderate,0.4,0.0,0.0,none,0.0,0.0,normal_or_declared_mixture,positive,FULL_INFERENCE,truth_registry_passed_batch_benchmark_pending_screening_locked
C1_CORE_P1_D70,C1,CORE,P1,D70,strong,0.7,0.0,0.0,none,0.0,0.0,normal_or_declared_mixture,positive,FULL_INFERENCE,truth_registry_passed_batch_benchmark_pending_screening_locked
C1_PROFILE_STRESS_P2_D40,C1,PROFILE_STRESS,P2,D40,moderate,0.4,0.0,0.0,none,0.0,0.0,normal_or_declared_mixture,positive,FULL_INFERENCE,truth_registry_passed_batch_benchmark_pending_screening_locked
C1_PROFILE_STRESS_P3_D40,C1,PROFILE_STRESS,P3,D40,moderate,0.4,0.0,0.0,none,0.0,0.0,normal_or_declared_mixture,positive,FULL_INFERENCE,truth_registry_passed_batch_benchmark_pending_screening_locked
C2_CORE_P1_D10,C2,CORE,P1,D10,local,0.1,0.0,0.0,none,0.0,0.0,normal_or_declared_mixture,negative,FULL_INFERENCE,truth_registry_passed_batch_benchmark_pending_screening_locked
C2_CORE_P1_D40,C2,CORE,P1,D40,moderate,0.4,0.0,0.0,none,0.0,0.0,normal_or_declared_mixture,negative,FULL_INFERENCE,truth_registry_passed_batch_benchmark_pending_screening_locked
C2_CORE_P1_D70,C2,CORE,P1,D70,strong,0.7,0.0,0.0,none,0.0,0.0,normal_or_declared_mixture,negative,FULL_INFERENCE,truth_registry_passed_batch_benchmark_pending_screening_locked
C2_PROFILE_STRESS_P2_D40,C2,PROFILE_STRESS,P2,D40,moderate,0.4,0.0,0.0,none,0.0,0.0,normal_or_declared_mixture,negative,FULL_INFERENCE,truth_registry_passed_batch_benchmark_pending_screening_locked
C2_PROFILE_STRESS_P3_D40,C2,PROFILE_STRESS,P3,D40,moderate,0.4,0.0,0.0,none,0.0,0.0,normal_or_declared_mixture,negative,FULL_INFERENCE,truth_registry_passed_batch_benchmark_pending_screening_locked
C3_CORE_P1_Q20_D10,C3,CORE,P1,Q20_D10,local,0.1,0.0,0.2,none,0.0,0.0,normal_or_declared_mixture,positive,FULL_INFERENCE,truth_registry_passed_batch_benchmark_pending_screening_locked
C3_CORE_P1_Q20_D40,C3,CORE,P1,Q20_D40,moderate,0.4,0.0,0.2,none,0.0,0.0,normal_or_declared_mixture,positive,FULL_INFERENCE,truth_registry_passed_batch_benchmark_pending_screening_locked
C3_CORE_P1_Q20_D70,C3,CORE,P1,Q20_D70,strong,0.7,0.0,0.2,none,0.0,0.0,normal_or_declared_mixture,positive,FULL_INFERENCE,truth_registry_passed_batch_benchmark_pending_screening_locked
C3_CORE_P1_Q40_D10,C3,CORE,P1,Q40_D10,local,0.1,0.0,0.4,none,0.0,0.0,normal_or_declared_mixture,positive,FULL_INFERENCE,truth_registry_passed_batch_benchmark_pending_screening_locked
C3_CORE_P1_Q40_D40,C3,CORE,P1,Q40_D40,moderate,0.4,0.0,0.4,none,0.0,0.0,normal_or_declared_mixture,positive,FULL_INFERENCE,truth_registry_passed_batch_benchmark_pending_screening_locked
C3_CORE_P1_Q40_D70,C3,CORE,P1,Q40_D70,strong,0.7,0.0,0.4,none,0.0,0.0,normal_or_declared_mixture,positive,FULL_INFERENCE,truth_registry_passed_batch_benchmark_pending_screening_locked
C3_PROFILE_STRESS_P2_Q40_D40,C3,PROFILE_STRESS,P2,Q40_D40,moderate,0.4,0.0,0.4,none,0.0,0.0,normal_or_declared_mixture,positive,FULL_INFERENCE,truth_registry_passed_batch_benchmark_pending_screening_locked
C3_PROFILE_STRESS_P3_Q40_D40,C3,PROFILE_STRESS,P3,Q40_D40,moderate,0.4,0.0,0.4,none,0.0,0.0,normal_or_declared_mixture,positive,FULL_INFERENCE,truth_registry_passed_batch_benchmark_pending_screening_locked
C4_CORE_P1_D10,C4,CORE,P1,D10,local,0.1,0.0,0.0,none,0.0,0.0,normal_or_declared_mixture,positive,FULL_INFERENCE,truth_registry_passed_batch_benchmark_pending_screening_locked
C4_CORE_P1_D40,C4,CORE,P1,D40,moderate,0.4,0.0,0.0,none,0.0,0.0,normal_or_declared_mixture,positive,FULL_INFERENCE,truth_registry_passed_batch_benchmark_pending_screening_locked
C4_CORE_P1_D70,C4,CORE,P1,D70,strong,0.7,0.0,0.0,none,0.0,0.0,normal_or_declared_mixture,positive,FULL_INFERENCE,truth_registry_passed_batch_benchmark_pending_screening_locked
C4_PROFILE_STRESS_P2_D40,C4,PROFILE_STRESS,P2,D40,moderate,0.4,0.0,0.0,none,0.0,0.0,normal_or_declared_mixture,positive,FULL_INFERENCE,truth_registry_passed_batch_benchmark_pending_screening_locked
C4_PROFILE_STRESS_P3_D40,C4,PROFILE_STRESS,P3,D40,moderate,0.4,0.0,0.0,none,0.0,0.0,normal_or_declared_mixture,positive,FULL_INFERENCE,truth_registry_passed_batch_benchmark_pending_screening_locked
C5_CORE_P1_INVERTED_U_D10,C5,CORE,P1,INVERTED_U_D10,local,0.1,0.0,0.0,INVERTED_U,0.0,0.0,normal_or_declared_mixture,ambiguous,FULL_INFERENCE,truth_registry_passed_batch_benchmark_pending_screening_locked
C5_CORE_P1_INVERTED_U_D40,C5,CORE,P1,INVERTED_U_D40,moderate,0.4,0.0,0.0,INVERTED_U,0.0,0.0,normal_or_declared_mixture,ambiguous,FULL_INFERENCE,truth_registry_passed_batch_benchmark_pending_screening_locked
C5_CORE_P1_INVERTED_U_D70,C5,CORE,P1,INVERTED_U_D70,strong,0.7,0.0,0.0,INVERTED_U,0.0,0.0,normal_or_declared_mixture,ambiguous,FULL_INFERENCE,truth_registry_passed_batch_benchmark_pending_screening_locked
C5_CORE_P1_U_D10,C5,CORE,P1,U_D10,local,0.1,0.0,0.0,U,0.0,0.0,normal_or_declared_mixture,ambiguous,FULL_INFERENCE,truth_registry_passed_batch_benchmark_pending_screening_locked
C5_CORE_P1_U_D40,C5,CORE,P1,U_D40,moderate,0.4,0.0,0.0,U,0.0,0.0,normal_or_declared_mixture,ambiguous,FULL_INFERENCE,truth_registry_passed_batch_benchmark_pending_screening_locked
C5_CORE_P1_U_D70,C5,CORE,P1,U_D70,strong,0.7,0.0,0.0,U,0.0,0.0,normal_or_declared_mixture,ambiguous,FULL_INFERENCE,truth_registry_passed_batch_benchmark_pending_screening_locked
C5_PROFILE_STRESS_P2_INVERTED_U_D40,C5,PROFILE_STRESS,P2,INVERTED_U_D40,moderate,0.4,0.0,0.0,INVERTED_U,0.0,0.0,normal_or_declared_mixture,ambiguous,FULL_INFERENCE,truth_registry_passed_batch_benchmark_pending_screening_locked
C5_PROFILE_STRESS_P2_U_D40,C5,PROFILE_STRESS,P2,U_D40,moderate,0.4,0.0,0.0,U,0.0,0.0,normal_or_declared_mixture,ambiguous,FULL_INFERENCE,truth_registry_passed_batch_benchmark_pending_screening_locked
C5_PROFILE_STRESS_P3_INVERTED_U_D40,C5,PROFILE_STRESS,P3,INVERTED_U_D40,moderate,0.4,0.0,0.0,INVERTED_U,0.0,0.0,normal_or_declared_mixture,ambiguous,FULL_INFERENCE,truth_registry_passed_batch_benchmark_pending_screening_locked
C5_PROFILE_STRESS_P3_U_D40,C5,PROFILE_STRESS,P3,U_D40,moderate,0.4,0.0,0.0,U,0.0,0.0,normal_or_declared_mixture,ambiguous,FULL_INFERENCE,truth_registry_passed_batch_benchmark_pending_screening_locked
C6_CORE_P1_G25,C6,CORE,P1,G25,moderate,0.0,0.25,0.0,none,0.0,0.0,normal_or_declared_mixture,absent,FULL_INFERENCE,truth_registry_passed_batch_benchmark_pending_screening_locked
C6_CORE_P1_G50,C6,CORE,P1,G50,strong,0.0,0.5,0.0,none,0.0,0.0,normal_or_declared_mixture,absent,FULL_INFERENCE,truth_registry_passed_batch_benchmark_pending_screening_locked
C6_PROFILE_STRESS_P2_G50,C6,PROFILE_STRESS,P2,G50,strong,0.0,0.5,0.0,none,0.0,0.0,normal_or_declared_mixture,absent,FULL_INFERENCE,truth_registry_passed_batch_benchmark_pending_screening_locked
C6_PROFILE_STRESS_P3_G50,C6,PROFILE_STRESS,P3,G50,strong,0.0,0.5,0.0,none,0.0,0.0,normal_or_declared_mixture,absent,FULL_INFERENCE,truth_registry_passed_batch_benchmark_pending_screening_locked
C7_CORE_P1_TAIL05,C7,CORE,P1,TAIL05,moderate,0.0,0.0,0.0,none,0.05,0.0,normal_or_declared_mixture,crossing_tail_adverse_nonconclusive,FULL_INFERENCE,truth_registry_passed_batch_benchmark_pending_screening_locked
C7_CORE_P1_TAIL10,C7,CORE,P1,TAIL10,strong,0.0,0.0,0.0,none,0.1,0.0,normal_or_declared_mixture,crossing_tail_adverse_nonconclusive,FULL_INFERENCE,truth_registry_passed_batch_benchmark_pending_screening_locked
C7_PROFILE_STRESS_P2_TAIL10,C7,PROFILE_STRESS,P2,TAIL10,strong,0.0,0.0,0.0,none,0.1,0.0,normal_or_declared_mixture,crossing_tail_adverse_nonconclusive,FULL_INFERENCE,truth_registry_passed_batch_benchmark_pending_screening_locked
C7_PROFILE_STRESS_P3_TAIL10,C7,PROFILE_STRESS,P3,TAIL10,strong,0.0,0.0,0.0,none,0.1,0.0,normal_or_declared_mixture,crossing_tail_adverse_nonconclusive,FULL_INFERENCE,truth_registry_passed_batch_benchmark_pending_screening_locked
C8_CORE_P1_A50,C8,CORE,P1,A50,moderate,0.0,0.0,0.0,none,0.0,0.5,normal_or_declared_mixture,absent,FULL_INFERENCE,truth_registry_passed_batch_benchmark_pending_screening_locked
C8_CORE_P1_A80,C8,CORE,P1,A80,strong,0.0,0.0,0.0,none,0.0,0.8,normal_or_declared_mixture,absent,FULL_INFERENCE,truth_registry_passed_batch_benchmark_pending_screening_locked
C8_PROFILE_STRESS_P2_A80,C8,PROFILE_STRESS,P2,A80,strong,0.0,0.0,0.0,none,0.0,0.8,normal_or_declared_mixture,absent,FULL_INFERENCE,truth_registry_passed_batch_benchmark_pending_screening_locked
C8_PROFILE_STRESS_P3_A80,C8,PROFILE_STRESS,P3,A80,strong,0.0,0.0,0.0,none,0.0,0.8,normal_or_declared_mixture,absent,FULL_INFERENCE,truth_registry_passed_batch_benchmark_pending_screening_locked
C9_CORE_P1_D10_G25,C9,CORE,P1,D10_G25,local,0.1,0.25,0.0,none,0.0,0.0,normal_or_declared_mixture,positive,FULL_INFERENCE,truth_registry_passed_batch_benchmark_pending_screening_locked
C9_CORE_P1_D10_G50,C9,CORE,P1,D10_G50,local,0.1,0.5,0.0,none,0.0,0.0,normal_or_declared_mixture,positive,FULL_INFERENCE,truth_registry_passed_batch_benchmark_pending_screening_locked
C9_CORE_P1_D40_G25,C9,CORE,P1,D40_G25,moderate,0.4,0.25,0.0,none,0.0,0.0,normal_or_declared_mixture,positive,FULL_INFERENCE,truth_registry_passed_batch_benchmark_pending_screening_locked
C9_CORE_P1_D40_G50,C9,CORE,P1,D40_G50,moderate,0.4,0.5,0.0,none,0.0,0.0,normal_or_declared_mixture,positive,FULL_INFERENCE,truth_registry_passed_batch_benchmark_pending_screening_locked
C9_CORE_P1_D70_G25,C9,CORE,P1,D70_G25,strong,0.7,0.25,0.0,none,0.0,0.0,normal_or_declared_mixture,positive,FULL_INFERENCE,truth_registry_passed_batch_benchmark_pending_screening_locked
C9_CORE_P1_D70_G50,C9,CORE,P1,D70_G50,strong,0.7,0.5,0.0,none,0.0,0.0,normal_or_declared_mixture,positive,FULL_INFERENCE,truth_registry_passed_batch_benchmark_pending_screening_locked
C9_PROFILE_STRESS_P2_D40_G50,C9,PROFILE_STRESS,P2,D40_G50,moderate,0.4,0.5,0.0,none,0.0,0.0,normal_or_declared_mixture,positive,FULL_INFERENCE,truth_registry_passed_batch_benchmark_pending_screening_locked
C9_PROFILE_STRESS_P3_D40_G50,C9,PROFILE_STRESS,P3,D40_G50,moderate,0.4,0.5,0.0,none,0.0,0.0,normal_or_declared_mixture,positive,FULL_INFERENCE,truth_registry_passed_batch_benchmark_pending_screening_locked
